[2026-05-23 06:22:15] local.INFO: Message sent {"message_id":1,"dialog_id":1,"author_user_id":5,"recipient_user_id":4,"request_id":"req_6a114797582079.06663760"} 
[2026-05-23 06:22:15] local.INFO: Request {"method":"POST","url":"http://dialog-service:9000/api/v1/messages","ip":"172.18.0.2","user_agent":null,"request_id":"req_6a114797582079.06663760"} 
[2026-05-23 06:22:16] local.INFO: Message sent {"message_id":2,"dialog_id":1,"author_user_id":5,"recipient_user_id":4,"request_id":"req_6a114798ae8815.44254795"} 
[2026-05-23 06:22:16] local.INFO: Request {"method":"POST","url":"http://dialog-service:9000/api/v1/messages","ip":"172.18.0.2","user_agent":null,"request_id":"req_6a114798ae8815.44254795"} 
[2026-05-23 06:22:17] local.INFO: Message sent {"message_id":3,"dialog_id":1,"author_user_id":5,"recipient_user_id":4,"request_id":"req_6a11479988ae37.04324004"} 
[2026-05-23 06:22:17] local.INFO: Request {"method":"POST","url":"http://dialog-service:9000/api/v1/messages","ip":"172.18.0.2","user_agent":null,"request_id":"req_6a11479988ae37.04324004"} 
[2026-05-23 06:25:44] local.INFO: Dialog retrieved {"dialog_id":1,"user_ids":[5,4],"message_count":3,"request_id":"req_6a11486872d440.57125150"} 
[2026-05-23 06:25:44] local.INFO: Request {"method":"GET","url":"http://dialog-service:9000/api/v1/dialogs/4","ip":"172.18.0.2","user_agent":null,"request_id":"req_6a11486872d440.57125150"} 
[2026-05-23 06:29:11] local.INFO: Message sent {"message_id":1,"dialog_id":1,"author_user_id":5,"recipient_user_id":4,"request_id":"req_6a114937bc0df6.47388949"} 
[2026-05-23 06:29:11] local.INFO: Request {"method":"POST","url":"http://dialog-service:9000/api/v1/messages","ip":"172.18.0.2","user_agent":null,"request_id":"req_6a114937bc0df6.47388949"} 
[2026-05-23 06:29:12] local.INFO: Message sent {"message_id":2,"dialog_id":1,"author_user_id":5,"recipient_user_id":4,"request_id":"req_6a11493899a037.44802968"} 
[2026-05-23 06:29:12] local.INFO: Request {"method":"POST","url":"http://dialog-service:9000/api/v1/messages","ip":"172.18.0.2","user_agent":null,"request_id":"req_6a11493899a037.44802968"} 
[2026-05-23 06:29:14] local.INFO: Dialog retrieved {"dialog_id":1,"user_ids":[5,4],"message_count":2,"request_id":"req_6a11493a5ea1b9.10166314"} 
[2026-05-23 06:29:14] local.INFO: Request {"method":"GET","url":"http://dialog-service:9000/api/v1/dialogs/4","ip":"172.18.0.2","user_agent":null,"request_id":"req_6a11493a5ea1b9.10166314"} 
[2026-05-23 07:45:07] local.ERROR: Target class [redis] does not exist. {"exception":"[object] (Illuminate\\Contracts\\Container\\BindingResolutionException(code: 0): Target class [redis] does not exist. at /var/www/vendor/illuminate/container/Container.php:914)
[stacktrace]
#0 /var/www/vendor/illuminate/container/Container.php(795): Illuminate\\Container\\Container->build('redis')
#1 /var/www/vendor/illuminate/container/Container.php(731): Illuminate\\Container\\Container->resolve('redis', Array)
#2 /var/www/vendor/laravel/lumen-framework/src/Application.php(327): Illuminate\\Container\\Container->make('redis', Array)
#3 /var/www/vendor/illuminate/container/Container.php(1454): Laravel\\Lumen\\Application->make('redis')
#4 /var/www/vendor/illuminate/cache/CacheManager.php(191): Illuminate\\Container\\Container->offsetGet('redis')
#5 /var/www/vendor/illuminate/cache/CacheManager.php(98): Illuminate\\Cache\\CacheManager->createRedisDriver(Array)
#6 /var/www/vendor/illuminate/cache/CacheManager.php(61): Illuminate\\Cache\\CacheManager->resolve('redis')
#7 /var/www/vendor/illuminate/cache/CacheManager.php(72): Illuminate\\Cache\\CacheManager->store('redis')
#8 /var/www/vendor/illuminate/cache/CacheServiceProvider.php(23): Illuminate\\Cache\\CacheManager->driver()
#9 /var/www/vendor/illuminate/container/Container.php(908): Illuminate\\Cache\\CacheServiceProvider->{closure:Illuminate\\Cache\\CacheServiceProvider::register():22}(Object(Laravel\\Lumen\\Application), Array)
#10 /var/www/vendor/illuminate/container/Container.php(795): Illuminate\\Container\\Container->build(Object(Closure))
#11 /var/www/vendor/illuminate/container/Container.php(731): Illuminate\\Container\\Container->resolve('cache.store', Array)
#12 /var/www/vendor/laravel/lumen-framework/src/Application.php(327): Illuminate\\Container\\Container->make('cache.store', Array)
#13 /var/www/vendor/illuminate/container/Container.php(1454): Laravel\\Lumen\\Application->make('cache.store')
#14 /var/www/vendor/laravel/lumen-framework/src/Console/ConsoleServiceProvider.php(331): Illuminate\\Container\\Container->offsetGet('cache.store')
#15 /var/www/vendor/illuminate/container/Container.php(908): Laravel\\Lumen\\Console\\ConsoleServiceProvider->{closure:Laravel\\Lumen\\Console\\ConsoleServiceProvider::registerQueueRestartCommand():330}(Object(Laravel\\Lumen\\Application), Array)
#16 /var/www/vendor/illuminate/container/Container.php(795): Illuminate\\Container\\Container->build(Object(Closure))
#17 /var/www/vendor/illuminate/container/Container.php(731): Illuminate\\Container\\Container->resolve('command.queue.r...', Array)
#18 /var/www/vendor/laravel/lumen-framework/src/Application.php(327): Illuminate\\Container\\Container->make('command.queue.r...', Array)
#19 /var/www/vendor/illuminate/console/Application.php(251): Laravel\\Lumen\\Application->make('command.queue.r...')
#20 /var/www/vendor/illuminate/console/Application.php(265): Illuminate\\Console\\Application->resolve('command.queue.r...')
#21 /var/www/vendor/illuminate/support/ServiceProvider.php(404): Illuminate\\Console\\Application->resolveCommands(Array)
#22 /var/www/vendor/illuminate/console/Application.php(130): Illuminate\\Support\\ServiceProvider->{closure:Illuminate\\Support\\ServiceProvider::commands():403}(Object(Illuminate\\Console\\Application))
#23 /var/www/vendor/illuminate/console/Application.php(77): Illuminate\\Console\\Application->bootstrap()
#24 /var/www/vendor/laravel/lumen-framework/src/Console/Kernel.php(259): Illuminate\\Console\\Application->__construct(Object(Laravel\\Lumen\\Application), Object(Illuminate\\Events\\Dispatcher), 'Lumen (10.0.4) ...')
#25 /var/www/vendor/laravel/lumen-framework/src/Console/Kernel.php(160): Laravel\\Lumen\\Console\\Kernel->getArtisan()
#26 /var/www/artisan(35): Laravel\\Lumen\\Console\\Kernel->handle(Object(Symfony\\Component\\Console\\Input\\ArgvInput), Object(Symfony\\Component\\Console\\Output\\ConsoleOutput))
#27 {main}

[previous exception] [object] (ReflectionException(code: -1): Class \"redis\" does not exist at /var/www/vendor/illuminate/container/Container.php:912)
[stacktrace]
#0 /var/www/vendor/illuminate/container/Container.php(912): ReflectionClass->__construct('redis')
#1 /var/www/vendor/illuminate/container/Container.php(795): Illuminate\\Container\\Container->build('redis')
#2 /var/www/vendor/illuminate/container/Container.php(731): Illuminate\\Container\\Container->resolve('redis', Array)
#3 /var/www/vendor/laravel/lumen-framework/src/Application.php(327): Illuminate\\Container\\Container->make('redis', Array)
#4 /var/www/vendor/illuminate/container/Container.php(1454): Laravel\\Lumen\\Application->make('redis')
#5 /var/www/vendor/illuminate/cache/CacheManager.php(191): Illuminate\\Container\\Container->offsetGet('redis')
#6 /var/www/vendor/illuminate/cache/CacheManager.php(98): Illuminate\\Cache\\CacheManager->createRedisDriver(Array)
#7 /var/www/vendor/illuminate/cache/CacheManager.php(61): Illuminate\\Cache\\CacheManager->resolve('redis')
#8 /var/www/vendor/illuminate/cache/CacheManager.php(72): Illuminate\\Cache\\CacheManager->store('redis')
#9 /var/www/vendor/illuminate/cache/CacheServiceProvider.php(23): Illuminate\\Cache\\CacheManager->driver()
#10 /var/www/vendor/illuminate/container/Container.php(908): Illuminate\\Cache\\CacheServiceProvider->{closure:Illuminate\\Cache\\CacheServiceProvider::register():22}(Object(Laravel\\Lumen\\Application), Array)
#11 /var/www/vendor/illuminate/container/Container.php(795): Illuminate\\Container\\Container->build(Object(Closure))
#12 /var/www/vendor/illuminate/container/Container.php(731): Illuminate\\Container\\Container->resolve('cache.store', Array)
#13 /var/www/vendor/laravel/lumen-framework/src/Application.php(327): Illuminate\\Container\\Container->make('cache.store', Array)
#14 /var/www/vendor/illuminate/container/Container.php(1454): Laravel\\Lumen\\Application->make('cache.store')
#15 /var/www/vendor/laravel/lumen-framework/src/Console/ConsoleServiceProvider.php(331): Illuminate\\Container\\Container->offsetGet('cache.store')
#16 /var/www/vendor/illuminate/container/Container.php(908): Laravel\\Lumen\\Console\\ConsoleServiceProvider->{closure:Laravel\\Lumen\\Console\\ConsoleServiceProvider::registerQueueRestartCommand():330}(Object(Laravel\\Lumen\\Application), Array)
#17 /var/www/vendor/illuminate/container/Container.php(795): Illuminate\\Container\\Container->build(Object(Closure))
#18 /var/www/vendor/illuminate/container/Container.php(731): Illuminate\\Container\\Container->resolve('command.queue.r...', Array)
#19 /var/www/vendor/laravel/lumen-framework/src/Application.php(327): Illuminate\\Container\\Container->make('command.queue.r...', Array)
#20 /var/www/vendor/illuminate/console/Application.php(251): Laravel\\Lumen\\Application->make('command.queue.r...')
#21 /var/www/vendor/illuminate/console/Application.php(265): Illuminate\\Console\\Application->resolve('command.queue.r...')
#22 /var/www/vendor/illuminate/support/ServiceProvider.php(404): Illuminate\\Console\\Application->resolveCommands(Array)
#23 /var/www/vendor/illuminate/console/Application.php(130): Illuminate\\Support\\ServiceProvider->{closure:Illuminate\\Support\\ServiceProvider::commands():403}(Object(Illuminate\\Console\\Application))
#24 /var/www/vendor/illuminate/console/Application.php(77): Illuminate\\Console\\Application->bootstrap()
#25 /var/www/vendor/laravel/lumen-framework/src/Console/Kernel.php(259): Illuminate\\Console\\Application->__construct(Object(Laravel\\Lumen\\Application), Object(Illuminate\\Events\\Dispatcher), 'Lumen (10.0.4) ...')
#26 /var/www/vendor/laravel/lumen-framework/src/Console/Kernel.php(160): Laravel\\Lumen\\Console\\Kernel->getArtisan()
#27 /var/www/artisan(35): Laravel\\Lumen\\Console\\Kernel->handle(Object(Symfony\\Component\\Console\\Input\\ArgvInput), Object(Symfony\\Component\\Console\\Output\\ConsoleOutput))
#28 {main}
"} 
[2026-05-23 07:45:18] local.INFO: Request {"method":"GET","url":"http://localhost:9100/health","ip":"185.85.0.29","user_agent":"curl/8.7.1","request_id":"b8d63a98-96cc-40fb-bd98-3e60cc8b7ba7"} 
[2026-05-23 07:45:19] local.INFO: Request {"method":"GET","url":"http://localhost:9100/api/v1/counters/user/67a4b2da-8af9-44c8-a3fe-faa3babd0ab1","ip":"185.85.0.29","user_agent":"curl/8.7.1","request_id":"1d395327-4348-4294-99f0-842c66ca74d8"} 
[2026-05-23 07:49:26] local.ERROR: Target class [redis] does not exist. {"exception":"[object] (Illuminate\\Contracts\\Container\\BindingResolutionException(code: 0): Target class [redis] does not exist. at /var/www/vendor/illuminate/container/Container.php:914)
[stacktrace]
#0 /var/www/vendor/illuminate/container/Container.php(795): Illuminate\\Container\\Container->build('redis')
#1 /var/www/vendor/illuminate/container/Container.php(731): Illuminate\\Container\\Container->resolve('redis', Array)
#2 /var/www/vendor/laravel/lumen-framework/src/Application.php(327): Illuminate\\Container\\Container->make('redis', Array)
#3 /var/www/vendor/illuminate/container/Container.php(1454): Laravel\\Lumen\\Application->make('redis')
#4 /var/www/vendor/illuminate/cache/CacheManager.php(191): Illuminate\\Container\\Container->offsetGet('redis')
#5 /var/www/vendor/illuminate/cache/CacheManager.php(98): Illuminate\\Cache\\CacheManager->createRedisDriver(Array)
#6 /var/www/vendor/illuminate/cache/CacheManager.php(61): Illuminate\\Cache\\CacheManager->resolve('redis')
#7 /var/www/vendor/illuminate/cache/CacheManager.php(72): Illuminate\\Cache\\CacheManager->store('redis')
#8 /var/www/vendor/illuminate/cache/CacheServiceProvider.php(23): Illuminate\\Cache\\CacheManager->driver()
#9 /var/www/vendor/illuminate/container/Container.php(908): Illuminate\\Cache\\CacheServiceProvider->{closure:Illuminate\\Cache\\CacheServiceProvider::register():22}(Object(Laravel\\Lumen\\Application), Array)
#10 /var/www/vendor/illuminate/container/Container.php(795): Illuminate\\Container\\Container->build(Object(Closure))
#11 /var/www/vendor/illuminate/container/Container.php(731): Illuminate\\Container\\Container->resolve('cache.store', Array)
#12 /var/www/vendor/laravel/lumen-framework/src/Application.php(327): Illuminate\\Container\\Container->make('cache.store', Array)
#13 /var/www/vendor/illuminate/container/Container.php(1454): Laravel\\Lumen\\Application->make('cache.store')
#14 /var/www/vendor/laravel/lumen-framework/src/Console/ConsoleServiceProvider.php(331): Illuminate\\Container\\Container->offsetGet('cache.store')
#15 /var/www/vendor/illuminate/container/Container.php(908): Laravel\\Lumen\\Console\\ConsoleServiceProvider->{closure:Laravel\\Lumen\\Console\\ConsoleServiceProvider::registerQueueRestartCommand():330}(Object(Laravel\\Lumen\\Application), Array)
#16 /var/www/vendor/illuminate/container/Container.php(795): Illuminate\\Container\\Container->build(Object(Closure))
#17 /var/www/vendor/illuminate/container/Container.php(731): Illuminate\\Container\\Container->resolve('command.queue.r...', Array)
#18 /var/www/vendor/laravel/lumen-framework/src/Application.php(327): Illuminate\\Container\\Container->make('command.queue.r...', Array)
#19 /var/www/vendor/illuminate/console/Application.php(251): Laravel\\Lumen\\Application->make('command.queue.r...')
#20 /var/www/vendor/illuminate/console/Application.php(265): Illuminate\\Console\\Application->resolve('command.queue.r...')
#21 /var/www/vendor/illuminate/support/ServiceProvider.php(404): Illuminate\\Console\\Application->resolveCommands(Array)
#22 /var/www/vendor/illuminate/console/Application.php(130): Illuminate\\Support\\ServiceProvider->{closure:Illuminate\\Support\\ServiceProvider::commands():403}(Object(Illuminate\\Console\\Application))
#23 /var/www/vendor/illuminate/console/Application.php(77): Illuminate\\Console\\Application->bootstrap()
#24 /var/www/vendor/laravel/lumen-framework/src/Console/Kernel.php(259): Illuminate\\Console\\Application->__construct(Object(Laravel\\Lumen\\Application), Object(Illuminate\\Events\\Dispatcher), 'Lumen (10.0.4) ...')
#25 /var/www/vendor/laravel/lumen-framework/src/Console/Kernel.php(160): Laravel\\Lumen\\Console\\Kernel->getArtisan()
#26 /var/www/artisan(35): Laravel\\Lumen\\Console\\Kernel->handle(Object(Symfony\\Component\\Console\\Input\\ArgvInput), Object(Symfony\\Component\\Console\\Output\\ConsoleOutput))
#27 {main}

[previous exception] [object] (ReflectionException(code: -1): Class \"redis\" does not exist at /var/www/vendor/illuminate/container/Container.php:912)
[stacktrace]
#0 /var/www/vendor/illuminate/container/Container.php(912): ReflectionClass->__construct('redis')
#1 /var/www/vendor/illuminate/container/Container.php(795): Illuminate\\Container\\Container->build('redis')
#2 /var/www/vendor/illuminate/container/Container.php(731): Illuminate\\Container\\Container->resolve('redis', Array)
#3 /var/www/vendor/laravel/lumen-framework/src/Application.php(327): Illuminate\\Container\\Container->make('redis', Array)
#4 /var/www/vendor/illuminate/container/Container.php(1454): Laravel\\Lumen\\Application->make('redis')
#5 /var/www/vendor/illuminate/cache/CacheManager.php(191): Illuminate\\Container\\Container->offsetGet('redis')
#6 /var/www/vendor/illuminate/cache/CacheManager.php(98): Illuminate\\Cache\\CacheManager->createRedisDriver(Array)
#7 /var/www/vendor/illuminate/cache/CacheManager.php(61): Illuminate\\Cache\\CacheManager->resolve('redis')
#8 /var/www/vendor/illuminate/cache/CacheManager.php(72): Illuminate\\Cache\\CacheManager->store('redis')
#9 /var/www/vendor/illuminate/cache/CacheServiceProvider.php(23): Illuminate\\Cache\\CacheManager->driver()
#10 /var/www/vendor/illuminate/container/Container.php(908): Illuminate\\Cache\\CacheServiceProvider->{closure:Illuminate\\Cache\\CacheServiceProvider::register():22}(Object(Laravel\\Lumen\\Application), Array)
#11 /var/www/vendor/illuminate/container/Container.php(795): Illuminate\\Container\\Container->build(Object(Closure))
#12 /var/www/vendor/illuminate/container/Container.php(731): Illuminate\\Container\\Container->resolve('cache.store', Array)
#13 /var/www/vendor/laravel/lumen-framework/src/Application.php(327): Illuminate\\Container\\Container->make('cache.store', Array)
#14 /var/www/vendor/illuminate/container/Container.php(1454): Laravel\\Lumen\\Application->make('cache.store')
#15 /var/www/vendor/laravel/lumen-framework/src/Console/ConsoleServiceProvider.php(331): Illuminate\\Container\\Container->offsetGet('cache.store')
#16 /var/www/vendor/illuminate/container/Container.php(908): Laravel\\Lumen\\Console\\ConsoleServiceProvider->{closure:Laravel\\Lumen\\Console\\ConsoleServiceProvider::registerQueueRestartCommand():330}(Object(Laravel\\Lumen\\Application), Array)
#17 /var/www/vendor/illuminate/container/Container.php(795): Illuminate\\Container\\Container->build(Object(Closure))
#18 /var/www/vendor/illuminate/container/Container.php(731): Illuminate\\Container\\Container->resolve('command.queue.r...', Array)
#19 /var/www/vendor/laravel/lumen-framework/src/Application.php(327): Illuminate\\Container\\Container->make('command.queue.r...', Array)
#20 /var/www/vendor/illuminate/console/Application.php(251): Laravel\\Lumen\\Application->make('command.queue.r...')
#21 /var/www/vendor/illuminate/console/Application.php(265): Illuminate\\Console\\Application->resolve('command.queue.r...')
#22 /var/www/vendor/illuminate/support/ServiceProvider.php(404): Illuminate\\Console\\Application->resolveCommands(Array)
#23 /var/www/vendor/illuminate/console/Application.php(130): Illuminate\\Support\\ServiceProvider->{closure:Illuminate\\Support\\ServiceProvider::commands():403}(Object(Illuminate\\Console\\Application))
#24 /var/www/vendor/illuminate/console/Application.php(77): Illuminate\\Console\\Application->bootstrap()
#25 /var/www/vendor/laravel/lumen-framework/src/Console/Kernel.php(259): Illuminate\\Console\\Application->__construct(Object(Laravel\\Lumen\\Application), Object(Illuminate\\Events\\Dispatcher), 'Lumen (10.0.4) ...')
#26 /var/www/vendor/laravel/lumen-framework/src/Console/Kernel.php(160): Laravel\\Lumen\\Console\\Kernel->getArtisan()
#27 /var/www/artisan(35): Laravel\\Lumen\\Console\\Kernel->handle(Object(Symfony\\Component\\Console\\Input\\ArgvInput), Object(Symfony\\Component\\Console\\Output\\ConsoleOutput))
#28 {main}
"} 
[2026-05-23 07:50:05] local.INFO: Request {"method":"GET","url":"http://localhost:9100/health","ip":"185.85.0.29","user_agent":"curl/8.7.1","request_id":"0ec72001-3501-47a2-bde0-5305ee1684b8"} 
[2026-05-23 07:50:06] local.ERROR: Target class [redis] does not exist. {"exception":"[object] (Illuminate\\Contracts\\Container\\BindingResolutionException(code: 0): Target class [redis] does not exist. at /var/www/vendor/illuminate/container/Container.php:914)
[stacktrace]
#0 /var/www/vendor/illuminate/container/Container.php(795): Illuminate\\Container\\Container->build('redis')
#1 /var/www/vendor/illuminate/container/Container.php(731): Illuminate\\Container\\Container->resolve('redis', Array)
#2 /var/www/vendor/laravel/lumen-framework/src/Application.php(327): Illuminate\\Container\\Container->make('redis', Array)
#3 /var/www/vendor/illuminate/container/Container.php(1454): Laravel\\Lumen\\Application->make('redis')
#4 /var/www/vendor/illuminate/cache/CacheManager.php(191): Illuminate\\Container\\Container->offsetGet('redis')
#5 /var/www/vendor/illuminate/cache/CacheManager.php(98): Illuminate\\Cache\\CacheManager->createRedisDriver(Array)
#6 /var/www/vendor/illuminate/cache/CacheManager.php(61): Illuminate\\Cache\\CacheManager->resolve('redis')
#7 /var/www/vendor/illuminate/cache/CacheManager.php(429): Illuminate\\Cache\\CacheManager->store()
#8 /var/www/vendor/illuminate/support/Facades/Facade.php(355): Illuminate\\Cache\\CacheManager->__call('remember', Array)
#9 /var/www/app/Http/Controllers/Api/V1/CounterController.php(87): Illuminate\\Support\\Facades\\Facade::__callStatic('remember', Array)
#10 /var/www/vendor/illuminate/container/BoundMethod.php(36): App\\Http\\Controllers\\Api\\V1\\CounterController->user(Object(Laravel\\Lumen\\Http\\Request), '03e37c86-a532-4...')
#11 /var/www/vendor/illuminate/container/Util.php(41): Illuminate\\Container\\BoundMethod::{closure:Illuminate\\Container\\BoundMethod::call():35}()
#12 /var/www/vendor/illuminate/container/BoundMethod.php(93): Illuminate\\Container\\Util::unwrapIfClosure(Object(Closure))
#13 /var/www/vendor/illuminate/container/BoundMethod.php(35): Illuminate\\Container\\BoundMethod::callBoundMethod(Object(Laravel\\Lumen\\Application), Array, Object(Closure))
#14 /var/www/vendor/illuminate/container/Container.php(662): Illuminate\\Container\\BoundMethod::call(Object(Laravel\\Lumen\\Application), Array, Array, NULL)
#15 /var/www/vendor/laravel/lumen-framework/src/Concerns/RoutesRequests.php(391): Illuminate\\Container\\Container->call(Array, Array)
#16 /var/www/vendor/laravel/lumen-framework/src/Concerns/RoutesRequests.php(356): Laravel\\Lumen\\Application->callControllerCallable(Array, Array)
#17 /var/www/vendor/laravel/lumen-framework/src/Concerns/RoutesRequests.php(331): Laravel\\Lumen\\Application->callLumenController(Object(App\\Http\\Controllers\\Api\\V1\\CounterController), 'user', Array)
#18 /var/www/vendor/laravel/lumen-framework/src/Concerns/RoutesRequests.php(284): Laravel\\Lumen\\Application->callControllerAction(Array)
#19 /var/www/vendor/laravel/lumen-framework/src/Concerns/RoutesRequests.php(269): Laravel\\Lumen\\Application->callActionOnArrayBasedRoute(Array)
#20 /var/www/vendor/laravel/lumen-framework/src/Concerns/RoutesRequests.php(239): Laravel\\Lumen\\Application->handleFoundRoute(Array)
#21 /var/www/vendor/laravel/lumen-framework/src/Concerns/RoutesRequests.php(174): Laravel\\Lumen\\Application->handleDispatcherResponse(Array)
#22 /var/www/vendor/laravel/lumen-framework/src/Routing/Pipeline.php(48): Laravel\\Lumen\\Application->{closure:Laravel\\Lumen\\Concerns\\RoutesRequests::dispatch():167}(Object(Laravel\\Lumen\\Http\\Request))
#23 /var/www/app/Http/Middleware/RequestIdMiddleware.php(29): Laravel\\Lumen\\Routing\\Pipeline->{closure:Laravel\\Lumen\\Routing\\Pipeline::prepareDestination():46}(Object(Laravel\\Lumen\\Http\\Request))
#24 /var/www/vendor/illuminate/pipeline/Pipeline.php(183): App\\Http\\Middleware\\RequestIdMiddleware->handle(Object(Laravel\\Lumen\\Http\\Request), Object(Closure))
#25 /var/www/vendor/laravel/lumen-framework/src/Routing/Pipeline.php(30): Illuminate\\Pipeline\\Pipeline->{closure:{closure:Illuminate\\Pipeline\\Pipeline::carry():158}:159}(Object(Laravel\\Lumen\\Http\\Request))
#26 /var/www/vendor/illuminate/pipeline/Pipeline.php(119): Laravel\\Lumen\\Routing\\Pipeline->{closure:{closure:Laravel\\Lumen\\Routing\\Pipeline::carry():25}:26}(Object(Laravel\\Lumen\\Http\\Request))
#27 /var/www/vendor/laravel/lumen-framework/src/Concerns/RoutesRequests.php(428): Illuminate\\Pipeline\\Pipeline->then(Object(Closure))
#28 /var/www/vendor/laravel/lumen-framework/src/Concerns/RoutesRequests.php(167): Laravel\\Lumen\\Application->sendThroughPipeline(Array, Object(Closure))
#29 /var/www/vendor/laravel/lumen-framework/src/Concerns/RoutesRequests.php(112): Laravel\\Lumen\\Application->dispatch(NULL)
#30 /var/www/public/index.php(28): Laravel\\Lumen\\Application->run()
#31 {main}

[previous exception] [object] (ReflectionException(code: -1): Class \"redis\" does not exist at /var/www/vendor/illuminate/container/Container.php:912)
[stacktrace]
#0 /var/www/vendor/illuminate/container/Container.php(912): ReflectionClass->__construct('redis')
#1 /var/www/vendor/illuminate/container/Container.php(795): Illuminate\\Container\\Container->build('redis')
#2 /var/www/vendor/illuminate/container/Container.php(731): Illuminate\\Container\\Container->resolve('redis', Array)
#3 /var/www/vendor/laravel/lumen-framework/src/Application.php(327): Illuminate\\Container\\Container->make('redis', Array)
#4 /var/www/vendor/illuminate/container/Container.php(1454): Laravel\\Lumen\\Application->make('redis')
#5 /var/www/vendor/illuminate/cache/CacheManager.php(191): Illuminate\\Container\\Container->offsetGet('redis')
#6 /var/www/vendor/illuminate/cache/CacheManager.php(98): Illuminate\\Cache\\CacheManager->createRedisDriver(Array)
#7 /var/www/vendor/illuminate/cache/CacheManager.php(61): Illuminate\\Cache\\CacheManager->resolve('redis')
#8 /var/www/vendor/illuminate/cache/CacheManager.php(429): Illuminate\\Cache\\CacheManager->store()
#9 /var/www/vendor/illuminate/support/Facades/Facade.php(355): Illuminate\\Cache\\CacheManager->__call('remember', Array)
#10 /var/www/app/Http/Controllers/Api/V1/CounterController.php(87): Illuminate\\Support\\Facades\\Facade::__callStatic('remember', Array)
#11 /var/www/vendor/illuminate/container/BoundMethod.php(36): App\\Http\\Controllers\\Api\\V1\\CounterController->user(Object(Laravel\\Lumen\\Http\\Request), '03e37c86-a532-4...')
#12 /var/www/vendor/illuminate/container/Util.php(41): Illuminate\\Container\\BoundMethod::{closure:Illuminate\\Container\\BoundMethod::call():35}()
#13 /var/www/vendor/illuminate/container/BoundMethod.php(93): Illuminate\\Container\\Util::unwrapIfClosure(Object(Closure))
#14 /var/www/vendor/illuminate/container/BoundMethod.php(35): Illuminate\\Container\\BoundMethod::callBoundMethod(Object(Laravel\\Lumen\\Application), Array, Object(Closure))
#15 /var/www/vendor/illuminate/container/Container.php(662): Illuminate\\Container\\BoundMethod::call(Object(Laravel\\Lumen\\Application), Array, Array, NULL)
#16 /var/www/vendor/laravel/lumen-framework/src/Concerns/RoutesRequests.php(391): Illuminate\\Container\\Container->call(Array, Array)
#17 /var/www/vendor/laravel/lumen-framework/src/Concerns/RoutesRequests.php(356): Laravel\\Lumen\\Application->callControllerCallable(Array, Array)
#18 /var/www/vendor/laravel/lumen-framework/src/Concerns/RoutesRequests.php(331): Laravel\\Lumen\\Application->callLumenController(Object(App\\Http\\Controllers\\Api\\V1\\CounterController), 'user', Array)
#19 /var/www/vendor/laravel/lumen-framework/src/Concerns/RoutesRequests.php(284): Laravel\\Lumen\\Application->callControllerAction(Array)
#20 /var/www/vendor/laravel/lumen-framework/src/Concerns/RoutesRequests.php(269): Laravel\\Lumen\\Application->callActionOnArrayBasedRoute(Array)
#21 /var/www/vendor/laravel/lumen-framework/src/Concerns/RoutesRequests.php(239): Laravel\\Lumen\\Application->handleFoundRoute(Array)
#22 /var/www/vendor/laravel/lumen-framework/src/Concerns/RoutesRequests.php(174): Laravel\\Lumen\\Application->handleDispatcherResponse(Array)
#23 /var/www/vendor/laravel/lumen-framework/src/Routing/Pipeline.php(48): Laravel\\Lumen\\Application->{closure:Laravel\\Lumen\\Concerns\\RoutesRequests::dispatch():167}(Object(Laravel\\Lumen\\Http\\Request))
#24 /var/www/app/Http/Middleware/RequestIdMiddleware.php(29): Laravel\\Lumen\\Routing\\Pipeline->{closure:Laravel\\Lumen\\Routing\\Pipeline::prepareDestination():46}(Object(Laravel\\Lumen\\Http\\Request))
#25 /var/www/vendor/illuminate/pipeline/Pipeline.php(183): App\\Http\\Middleware\\RequestIdMiddleware->handle(Object(Laravel\\Lumen\\Http\\Request), Object(Closure))
#26 /var/www/vendor/laravel/lumen-framework/src/Routing/Pipeline.php(30): Illuminate\\Pipeline\\Pipeline->{closure:{closure:Illuminate\\Pipeline\\Pipeline::carry():158}:159}(Object(Laravel\\Lumen\\Http\\Request))
#27 /var/www/vendor/illuminate/pipeline/Pipeline.php(119): Laravel\\Lumen\\Routing\\Pipeline->{closure:{closure:Laravel\\Lumen\\Routing\\Pipeline::carry():25}:26}(Object(Laravel\\Lumen\\Http\\Request))
#28 /var/www/vendor/laravel/lumen-framework/src/Concerns/RoutesRequests.php(428): Illuminate\\Pipeline\\Pipeline->then(Object(Closure))
#29 /var/www/vendor/laravel/lumen-framework/src/Concerns/RoutesRequests.php(167): Laravel\\Lumen\\Application->sendThroughPipeline(Array, Object(Closure))
#30 /var/www/vendor/laravel/lumen-framework/src/Concerns/RoutesRequests.php(112): Laravel\\Lumen\\Application->dispatch(NULL)
#31 /var/www/public/index.php(28): Laravel\\Lumen\\Application->run()
#32 {main}
"} 
[2026-05-23 07:50:06] local.INFO: Request {"method":"GET","url":"http://localhost:9100/api/v1/counters/user/03e37c86-a532-4194-a6d0-667deb005da0","ip":"185.85.0.29","user_agent":"curl/8.7.1","request_id":"5dac3b50-5aaf-475a-a6d7-610dd9ef9631"} 
[2026-05-23 07:51:40] local.ERROR: Class "Illuminate\Redis\RedisServiceProvider" not found {"exception":"[object] (Error(code: 0): Class \"Illuminate\\Redis\\RedisServiceProvider\" not found at /var/www/vendor/laravel/lumen-framework/src/Application.php:250)
[stacktrace]
#0 /var/www/bootstrap/app.php(105): Laravel\\Lumen\\Application->register('Illuminate\\\\Redi...')
#1 /var/www/public/index.php(14): require('/var/www/bootst...')
#2 {main}
"} 
[2026-05-23 07:51:41] local.ERROR: Class "Illuminate\Redis\RedisServiceProvider" not found {"exception":"[object] (Error(code: 0): Class \"Illuminate\\Redis\\RedisServiceProvider\" not found at /var/www/vendor/laravel/lumen-framework/src/Application.php:250)
[stacktrace]
#0 /var/www/bootstrap/app.php(105): Laravel\\Lumen\\Application->register('Illuminate\\\\Redi...')
#1 /var/www/public/index.php(14): require('/var/www/bootst...')
#2 {main}
"} 
[2026-05-23 07:53:13] local.INFO: Request {"method":"GET","url":"http://localhost:9100/health","ip":"185.85.0.29","user_agent":"curl/8.7.1","request_id":"80022cba-b247-4da9-8ca6-0c290e2cf617"} 
[2026-05-23 07:53:14] local.ERROR: SQLSTATE[42P01]: Undefined table: 7 ERROR:  relation "user_unread_counts" does not exist
LINE 1: select * from "user_unread_counts" where "user_id" = $1 limi...
                      ^ (Connection: pgsql, SQL: select * from "user_unread_counts" where "user_id" = cf0f7d29-47b0-4a34-93e5-50eca1f89389 limit 1) {"exception":"[object] (Illuminate\\Database\\QueryException(code: 42P01): SQLSTATE[42P01]: Undefined table: 7 ERROR:  relation \"user_unread_counts\" does not exist
LINE 1: select * from \"user_unread_counts\" where \"user_id\" = $1 limi...
                      ^ (Connection: pgsql, SQL: select * from \"user_unread_counts\" where \"user_id\" = cf0f7d29-47b0-4a34-93e5-50eca1f89389 limit 1) at /var/www/vendor/illuminate/database/Connection.php:829)
[stacktrace]
#0 /var/www/vendor/illuminate/database/Connection.php(783): Illuminate\\Database\\Connection->runQueryCallback('select * from \"...', Array, Object(Closure))
#1 /var/www/vendor/illuminate/database/Connection.php(414): Illuminate\\Database\\Connection->run('select * from \"...', Array, Object(Closure))
#2 /var/www/vendor/illuminate/database/Query/Builder.php(2913): Illuminate\\Database\\Connection->select('select * from \"...', Array, true)
#3 /var/www/vendor/illuminate/database/Query/Builder.php(2902): Illuminate\\Database\\Query\\Builder->runSelect()
#4 /var/www/vendor/illuminate/database/Query/Builder.php(3456): Illuminate\\Database\\Query\\Builder->{closure:Illuminate\\Database\\Query\\Builder::get():2901}()
#5 /var/www/vendor/illuminate/database/Query/Builder.php(2901): Illuminate\\Database\\Query\\Builder->onceWithColumns(Array, Object(Closure))
#6 /var/www/vendor/illuminate/database/Eloquent/Builder.php(739): Illuminate\\Database\\Query\\Builder->get(Array)
#7 /var/www/vendor/illuminate/database/Eloquent/Builder.php(723): Illuminate\\Database\\Eloquent\\Builder->getModels(Array)
#8 /var/www/vendor/illuminate/database/Concerns/BuildsQueries.php(333): Illuminate\\Database\\Eloquent\\Builder->get(Array)
#9 /var/www/app/Http/Controllers/Api/V1/CounterController.php(88): Illuminate\\Database\\Eloquent\\Builder->first()
#10 /var/www/vendor/illuminate/cache/Repository.php(396): App\\Http\\Controllers\\Api\\V1\\CounterController->{closure:App\\Http\\Controllers\\Api\\V1\\CounterController::user():87}()
#11 /var/www/vendor/illuminate/cache/CacheManager.php(429): Illuminate\\Cache\\Repository->remember('user:cf0f7d29-4...', 60, Object(Closure))
#12 /var/www/vendor/illuminate/support/Facades/Facade.php(355): Illuminate\\Cache\\CacheManager->__call('remember', Array)
#13 /var/www/app/Http/Controllers/Api/V1/CounterController.php(87): Illuminate\\Support\\Facades\\Facade::__callStatic('remember', Array)
#14 /var/www/vendor/illuminate/container/BoundMethod.php(36): App\\Http\\Controllers\\Api\\V1\\CounterController->user(Object(Laravel\\Lumen\\Http\\Request), 'cf0f7d29-47b0-4...')
#15 /var/www/vendor/illuminate/container/Util.php(41): Illuminate\\Container\\BoundMethod::{closure:Illuminate\\Container\\BoundMethod::call():35}()
#16 /var/www/vendor/illuminate/container/BoundMethod.php(93): Illuminate\\Container\\Util::unwrapIfClosure(Object(Closure))
#17 /var/www/vendor/illuminate/container/BoundMethod.php(35): Illuminate\\Container\\BoundMethod::callBoundMethod(Object(Laravel\\Lumen\\Application), Array, Object(Closure))
#18 /var/www/vendor/illuminate/container/Container.php(662): Illuminate\\Container\\BoundMethod::call(Object(Laravel\\Lumen\\Application), Array, Array, NULL)
#19 /var/www/vendor/laravel/lumen-framework/src/Concerns/RoutesRequests.php(391): Illuminate\\Container\\Container->call(Array, Array)
#20 /var/www/vendor/laravel/lumen-framework/src/Concerns/RoutesRequests.php(356): Laravel\\Lumen\\Application->callControllerCallable(Array, Array)
#21 /var/www/vendor/laravel/lumen-framework/src/Concerns/RoutesRequests.php(331): Laravel\\Lumen\\Application->callLumenController(Object(App\\Http\\Controllers\\Api\\V1\\CounterController), 'user', Array)
#22 /var/www/vendor/laravel/lumen-framework/src/Concerns/RoutesRequests.php(284): Laravel\\Lumen\\Application->callControllerAction(Array)
#23 /var/www/vendor/laravel/lumen-framework/src/Concerns/RoutesRequests.php(269): Laravel\\Lumen\\Application->callActionOnArrayBasedRoute(Array)
#24 /var/www/vendor/laravel/lumen-framework/src/Concerns/RoutesRequests.php(239): Laravel\\Lumen\\Application->handleFoundRoute(Array)
#25 /var/www/vendor/laravel/lumen-framework/src/Concerns/RoutesRequests.php(174): Laravel\\Lumen\\Application->handleDispatcherResponse(Array)
#26 /var/www/vendor/laravel/lumen-framework/src/Routing/Pipeline.php(48): Laravel\\Lumen\\Application->{closure:Laravel\\Lumen\\Concerns\\RoutesRequests::dispatch():167}(Object(Laravel\\Lumen\\Http\\Request))
#27 /var/www/app/Http/Middleware/RequestIdMiddleware.php(29): Laravel\\Lumen\\Routing\\Pipeline->{closure:Laravel\\Lumen\\Routing\\Pipeline::prepareDestination():46}(Object(Laravel\\Lumen\\Http\\Request))
#28 /var/www/vendor/illuminate/pipeline/Pipeline.php(183): App\\Http\\Middleware\\RequestIdMiddleware->handle(Object(Laravel\\Lumen\\Http\\Request), Object(Closure))
#29 /var/www/vendor/laravel/lumen-framework/src/Routing/Pipeline.php(30): Illuminate\\Pipeline\\Pipeline->{closure:{closure:Illuminate\\Pipeline\\Pipeline::carry():158}:159}(Object(Laravel\\Lumen\\Http\\Request))
#30 /var/www/vendor/illuminate/pipeline/Pipeline.php(119): Laravel\\Lumen\\Routing\\Pipeline->{closure:{closure:Laravel\\Lumen\\Routing\\Pipeline::carry():25}:26}(Object(Laravel\\Lumen\\Http\\Request))
#31 /var/www/vendor/laravel/lumen-framework/src/Concerns/RoutesRequests.php(428): Illuminate\\Pipeline\\Pipeline->then(Object(Closure))
#32 /var/www/vendor/laravel/lumen-framework/src/Concerns/RoutesRequests.php(167): Laravel\\Lumen\\Application->sendThroughPipeline(Array, Object(Closure))
#33 /var/www/vendor/laravel/lumen-framework/src/Concerns/RoutesRequests.php(112): Laravel\\Lumen\\Application->dispatch(NULL)
#34 /var/www/public/index.php(28): Laravel\\Lumen\\Application->run()
#35 {main}

[previous exception] [object] (PDOException(code: 42P01): SQLSTATE[42P01]: Undefined table: 7 ERROR:  relation \"user_unread_counts\" does not exist
LINE 1: select * from \"user_unread_counts\" where \"user_id\" = $1 limi...
                      ^ at /var/www/vendor/illuminate/database/Connection.php:428)
[stacktrace]
#0 /var/www/vendor/illuminate/database/Connection.php(428): PDOStatement->execute()
#1 /var/www/vendor/illuminate/database/Connection.php(816): Illuminate\\Database\\Connection->{closure:Illuminate\\Database\\Connection::select():414}('select * from \"...', Array)
#2 /var/www/vendor/illuminate/database/Connection.php(783): Illuminate\\Database\\Connection->runQueryCallback('select * from \"...', Array, Object(Closure))
#3 /var/www/vendor/illuminate/database/Connection.php(414): Illuminate\\Database\\Connection->run('select * from \"...', Array, Object(Closure))
#4 /var/www/vendor/illuminate/database/Query/Builder.php(2913): Illuminate\\Database\\Connection->select('select * from \"...', Array, true)
#5 /var/www/vendor/illuminate/database/Query/Builder.php(2902): Illuminate\\Database\\Query\\Builder->runSelect()
#6 /var/www/vendor/illuminate/database/Query/Builder.php(3456): Illuminate\\Database\\Query\\Builder->{closure:Illuminate\\Database\\Query\\Builder::get():2901}()
#7 /var/www/vendor/illuminate/database/Query/Builder.php(2901): Illuminate\\Database\\Query\\Builder->onceWithColumns(Array, Object(Closure))
#8 /var/www/vendor/illuminate/database/Eloquent/Builder.php(739): Illuminate\\Database\\Query\\Builder->get(Array)
#9 /var/www/vendor/illuminate/database/Eloquent/Builder.php(723): Illuminate\\Database\\Eloquent\\Builder->getModels(Array)
#10 /var/www/vendor/illuminate/database/Concerns/BuildsQueries.php(333): Illuminate\\Database\\Eloquent\\Builder->get(Array)
#11 /var/www/app/Http/Controllers/Api/V1/CounterController.php(88): Illuminate\\Database\\Eloquent\\Builder->first()
#12 /var/www/vendor/illuminate/cache/Repository.php(396): App\\Http\\Controllers\\Api\\V1\\CounterController->{closure:App\\Http\\Controllers\\Api\\V1\\CounterController::user():87}()
#13 /var/www/vendor/illuminate/cache/CacheManager.php(429): Illuminate\\Cache\\Repository->remember('user:cf0f7d29-4...', 60, Object(Closure))
#14 /var/www/vendor/illuminate/support/Facades/Facade.php(355): Illuminate\\Cache\\CacheManager->__call('remember', Array)
#15 /var/www/app/Http/Controllers/Api/V1/CounterController.php(87): Illuminate\\Support\\Facades\\Facade::__callStatic('remember', Array)
#16 /var/www/vendor/illuminate/container/BoundMethod.php(36): App\\Http\\Controllers\\Api\\V1\\CounterController->user(Object(Laravel\\Lumen\\Http\\Request), 'cf0f7d29-47b0-4...')
#17 /var/www/vendor/illuminate/container/Util.php(41): Illuminate\\Container\\BoundMethod::{closure:Illuminate\\Container\\BoundMethod::call():35}()
#18 /var/www/vendor/illuminate/container/BoundMethod.php(93): Illuminate\\Container\\Util::unwrapIfClosure(Object(Closure))
#19 /var/www/vendor/illuminate/container/BoundMethod.php(35): Illuminate\\Container\\BoundMethod::callBoundMethod(Object(Laravel\\Lumen\\Application), Array, Object(Closure))
#20 /var/www/vendor/illuminate/container/Container.php(662): Illuminate\\Container\\BoundMethod::call(Object(Laravel\\Lumen\\Application), Array, Array, NULL)
#21 /var/www/vendor/laravel/lumen-framework/src/Concerns/RoutesRequests.php(391): Illuminate\\Container\\Container->call(Array, Array)
#22 /var/www/vendor/laravel/lumen-framework/src/Concerns/RoutesRequests.php(356): Laravel\\Lumen\\Application->callControllerCallable(Array, Array)
#23 /var/www/vendor/laravel/lumen-framework/src/Concerns/RoutesRequests.php(331): Laravel\\Lumen\\Application->callLumenController(Object(App\\Http\\Controllers\\Api\\V1\\CounterController), 'user', Array)
#24 /var/www/vendor/laravel/lumen-framework/src/Concerns/RoutesRequests.php(284): Laravel\\Lumen\\Application->callControllerAction(Array)
#25 /var/www/vendor/laravel/lumen-framework/src/Concerns/RoutesRequests.php(269): Laravel\\Lumen\\Application->callActionOnArrayBasedRoute(Array)
#26 /var/www/vendor/laravel/lumen-framework/src/Concerns/RoutesRequests.php(239): Laravel\\Lumen\\Application->handleFoundRoute(Array)
#27 /var/www/vendor/laravel/lumen-framework/src/Concerns/RoutesRequests.php(174): Laravel\\Lumen\\Application->handleDispatcherResponse(Array)
#28 /var/www/vendor/laravel/lumen-framework/src/Routing/Pipeline.php(48): Laravel\\Lumen\\Application->{closure:Laravel\\Lumen\\Concerns\\RoutesRequests::dispatch():167}(Object(Laravel\\Lumen\\Http\\Request))
#29 /var/www/app/Http/Middleware/RequestIdMiddleware.php(29): Laravel\\Lumen\\Routing\\Pipeline->{closure:Laravel\\Lumen\\Routing\\Pipeline::prepareDestination():46}(Object(Laravel\\Lumen\\Http\\Request))
#30 /var/www/vendor/illuminate/pipeline/Pipeline.php(183): App\\Http\\Middleware\\RequestIdMiddleware->handle(Object(Laravel\\Lumen\\Http\\Request), Object(Closure))
#31 /var/www/vendor/laravel/lumen-framework/src/Routing/Pipeline.php(30): Illuminate\\Pipeline\\Pipeline->{closure:{closure:Illuminate\\Pipeline\\Pipeline::carry():158}:159}(Object(Laravel\\Lumen\\Http\\Request))
#32 /var/www/vendor/illuminate/pipeline/Pipeline.php(119): Laravel\\Lumen\\Routing\\Pipeline->{closure:{closure:Laravel\\Lumen\\Routing\\Pipeline::carry():25}:26}(Object(Laravel\\Lumen\\Http\\Request))
#33 /var/www/vendor/laravel/lumen-framework/src/Concerns/RoutesRequests.php(428): Illuminate\\Pipeline\\Pipeline->then(Object(Closure))
#34 /var/www/vendor/laravel/lumen-framework/src/Concerns/RoutesRequests.php(167): Laravel\\Lumen\\Application->sendThroughPipeline(Array, Object(Closure))
#35 /var/www/vendor/laravel/lumen-framework/src/Concerns/RoutesRequests.php(112): Laravel\\Lumen\\Application->dispatch(NULL)
#36 /var/www/public/index.php(28): Laravel\\Lumen\\Application->run()
#37 {main}
"} 
[2026-05-23 07:53:14] local.INFO: Request {"method":"GET","url":"http://localhost:9100/api/v1/counters/user/cf0f7d29-47b0-4a34-93e5-50eca1f89389","ip":"185.85.0.29","user_agent":"curl/8.7.1","request_id":"46a209ac-3ea0-4ab9-8cef-a10acce662a3"} 
[2026-05-23 07:56:25] local.ERROR: SQLSTATE[42601]: Syntax error: 7 ERROR:  zero-length delimited identifier at or near """"
LINE 1: create table "" ("id" serial not null primary key, "migratio...
                     ^ (Connection: pgsql, SQL: create table "" ("id" serial not null primary key, "migration" varchar(255) not null, "batch" integer not null)) {"exception":"[object] (Illuminate\\Database\\QueryException(code: 42601): SQLSTATE[42601]: Syntax error: 7 ERROR:  zero-length delimited identifier at or near \"\"\"\"
LINE 1: create table \"\" (\"id\" serial not null primary key, \"migratio...
                     ^ (Connection: pgsql, SQL: create table \"\" (\"id\" serial not null primary key, \"migration\" varchar(255) not null, \"batch\" integer not null)) at /var/www/vendor/illuminate/database/Connection.php:829)
[stacktrace]
#0 /var/www/vendor/illuminate/database/Connection.php(783): Illuminate\\Database\\Connection->runQueryCallback('create table \"\"...', Array, Object(Closure))
#1 /var/www/vendor/illuminate/database/Connection.php(576): Illuminate\\Database\\Connection->run('create table \"\"...', Array, Object(Closure))
#2 /var/www/vendor/illuminate/database/Schema/Blueprint.php(110): Illuminate\\Database\\Connection->statement('create table \"\"...')
#3 /var/www/vendor/illuminate/database/Schema/Builder.php(602): Illuminate\\Database\\Schema\\Blueprint->build(Object(Illuminate\\Database\\PostgresConnection), Object(Illuminate\\Database\\Schema\\Grammars\\PostgresGrammar))
#4 /var/www/vendor/illuminate/database/Schema/Builder.php(456): Illuminate\\Database\\Schema\\Builder->build(Object(Illuminate\\Database\\Schema\\Blueprint))
#5 /var/www/vendor/illuminate/database/Migrations/DatabaseMigrationRepository.php(165): Illuminate\\Database\\Schema\\Builder->create(NULL, Object(Closure))
#6 /var/www/vendor/illuminate/database/Console/Migrations/InstallCommand.php(54): Illuminate\\Database\\Migrations\\DatabaseMigrationRepository->createRepository()
#7 /var/www/vendor/illuminate/container/BoundMethod.php(36): Illuminate\\Database\\Console\\Migrations\\InstallCommand->handle()
#8 /var/www/vendor/illuminate/container/Util.php(41): Illuminate\\Container\\BoundMethod::{closure:Illuminate\\Container\\BoundMethod::call():35}()
#9 /var/www/vendor/illuminate/container/BoundMethod.php(93): Illuminate\\Container\\Util::unwrapIfClosure(Object(Closure))
#10 /var/www/vendor/illuminate/container/BoundMethod.php(35): Illuminate\\Container\\BoundMethod::callBoundMethod(Object(Laravel\\Lumen\\Application), Array, Object(Closure))
#11 /var/www/vendor/illuminate/container/Container.php(662): Illuminate\\Container\\BoundMethod::call(Object(Laravel\\Lumen\\Application), Array, Array, NULL)
#12 /var/www/vendor/illuminate/console/Command.php(211): Illuminate\\Container\\Container->call(Array)
#13 /var/www/vendor/symfony/console/Command/Command.php(326): Illuminate\\Console\\Command->execute(Object(Symfony\\Component\\Console\\Input\\ArrayInput), Object(Illuminate\\Console\\OutputStyle))
#14 /var/www/vendor/illuminate/console/Command.php(180): Symfony\\Component\\Console\\Command\\Command->run(Object(Symfony\\Component\\Console\\Input\\ArrayInput), Object(Illuminate\\Console\\OutputStyle))
#15 /var/www/vendor/illuminate/console/Concerns/CallsCommands.php(67): Illuminate\\Console\\Command->run(Object(Symfony\\Component\\Console\\Input\\ArrayInput), Object(Symfony\\Component\\Console\\Output\\NullOutput))
#16 /var/www/vendor/illuminate/console/Concerns/CallsCommands.php(40): Illuminate\\Console\\Command->runCommand('migrate:install', Array, Object(Symfony\\Component\\Console\\Output\\NullOutput))
#17 /var/www/vendor/illuminate/database/Console/Migrations/MigrateCommand.php(120): Illuminate\\Console\\Command->callSilent('migrate:install', Array)
#18 /var/www/vendor/illuminate/console/View/Components/Task.php(37): Illuminate\\Database\\Console\\Migrations\\MigrateCommand->{closure:Illuminate\\Database\\Console\\Migrations\\MigrateCommand::prepareDatabase():119}()
#19 /var/www/vendor/illuminate/console/View/Components/Factory.php(58): Illuminate\\Console\\View\\Components\\Task->render('Creating migrat...', Object(Closure))
#20 /var/www/vendor/illuminate/database/Console/Migrations/MigrateCommand.php(119): Illuminate\\Console\\View\\Components\\Factory->__call('task', Array)
#21 /var/www/vendor/illuminate/database/Console/Migrations/MigrateCommand.php(84): Illuminate\\Database\\Console\\Migrations\\MigrateCommand->prepareDatabase()
#22 /var/www/vendor/illuminate/database/Migrations/Migrator.php(641): Illuminate\\Database\\Console\\Migrations\\MigrateCommand->{closure:Illuminate\\Database\\Console\\Migrations\\MigrateCommand::handle():83}()
#23 /var/www/vendor/illuminate/database/Console/Migrations/MigrateCommand.php(83): Illuminate\\Database\\Migrations\\Migrator->usingConnection(NULL, Object(Closure))
#24 /var/www/vendor/illuminate/container/BoundMethod.php(36): Illuminate\\Database\\Console\\Migrations\\MigrateCommand->handle()
#25 /var/www/vendor/illuminate/container/Util.php(41): Illuminate\\Container\\BoundMethod::{closure:Illuminate\\Container\\BoundMethod::call():35}()
#26 /var/www/vendor/illuminate/container/BoundMethod.php(93): Illuminate\\Container\\Util::unwrapIfClosure(Object(Closure))
#27 /var/www/vendor/illuminate/container/BoundMethod.php(35): Illuminate\\Container\\BoundMethod::callBoundMethod(Object(Laravel\\Lumen\\Application), Array, Object(Closure))
#28 /var/www/vendor/illuminate/container/Container.php(662): Illuminate\\Container\\BoundMethod::call(Object(Laravel\\Lumen\\Application), Array, Array, NULL)
#29 /var/www/vendor/illuminate/console/Command.php(211): Illuminate\\Container\\Container->call(Array)
#30 /var/www/vendor/symfony/console/Command/Command.php(326): Illuminate\\Console\\Command->execute(Object(Symfony\\Component\\Console\\Input\\ArgvInput), Object(Illuminate\\Console\\OutputStyle))
#31 /var/www/vendor/illuminate/console/Command.php(180): Symfony\\Component\\Console\\Command\\Command->run(Object(Symfony\\Component\\Console\\Input\\ArgvInput), Object(Illuminate\\Console\\OutputStyle))
#32 /var/www/vendor/symfony/console/Application.php(1098): Illuminate\\Console\\Command->run(Object(Symfony\\Component\\Console\\Input\\ArgvInput), Object(Symfony\\Component\\Console\\Output\\ConsoleOutput))
#33 /var/www/vendor/symfony/console/Application.php(324): Symfony\\Component\\Console\\Application->doRunCommand(Object(Illuminate\\Database\\Console\\Migrations\\MigrateCommand), Object(Symfony\\Component\\Console\\Input\\ArgvInput), Object(Symfony\\Component\\Console\\Output\\ConsoleOutput))
#34 /var/www/vendor/symfony/console/Application.php(175): Symfony\\Component\\Console\\Application->doRun(Object(Symfony\\Component\\Console\\Input\\ArgvInput), Object(Symfony\\Component\\Console\\Output\\ConsoleOutput))
#35 /var/www/vendor/laravel/lumen-framework/src/Console/Kernel.php(160): Symfony\\Component\\Console\\Application->run(Object(Symfony\\Component\\Console\\Input\\ArgvInput), Object(Symfony\\Component\\Console\\Output\\ConsoleOutput))
#36 /var/www/artisan(35): Laravel\\Lumen\\Console\\Kernel->handle(Object(Symfony\\Component\\Console\\Input\\ArgvInput), Object(Symfony\\Component\\Console\\Output\\ConsoleOutput))
#37 {main}

[previous exception] [object] (PDOException(code: 42601): SQLSTATE[42601]: Syntax error: 7 ERROR:  zero-length delimited identifier at or near \"\"\"\"
LINE 1: create table \"\" (\"id\" serial not null primary key, \"migratio...
                     ^ at /var/www/vendor/illuminate/database/Connection.php:587)
[stacktrace]
#0 /var/www/vendor/illuminate/database/Connection.php(587): PDOStatement->execute()
#1 /var/www/vendor/illuminate/database/Connection.php(816): Illuminate\\Database\\Connection->{closure:Illuminate\\Database\\Connection::statement():576}('create table \"\"...', Array)
#2 /var/www/vendor/illuminate/database/Connection.php(783): Illuminate\\Database\\Connection->runQueryCallback('create table \"\"...', Array, Object(Closure))
#3 /var/www/vendor/illuminate/database/Connection.php(576): Illuminate\\Database\\Connection->run('create table \"\"...', Array, Object(Closure))
#4 /var/www/vendor/illuminate/database/Schema/Blueprint.php(110): Illuminate\\Database\\Connection->statement('create table \"\"...')
#5 /var/www/vendor/illuminate/database/Schema/Builder.php(602): Illuminate\\Database\\Schema\\Blueprint->build(Object(Illuminate\\Database\\PostgresConnection), Object(Illuminate\\Database\\Schema\\Grammars\\PostgresGrammar))
#6 /var/www/vendor/illuminate/database/Schema/Builder.php(456): Illuminate\\Database\\Schema\\Builder->build(Object(Illuminate\\Database\\Schema\\Blueprint))
#7 /var/www/vendor/illuminate/database/Migrations/DatabaseMigrationRepository.php(165): Illuminate\\Database\\Schema\\Builder->create(NULL, Object(Closure))
#8 /var/www/vendor/illuminate/database/Console/Migrations/InstallCommand.php(54): Illuminate\\Database\\Migrations\\DatabaseMigrationRepository->createRepository()
#9 /var/www/vendor/illuminate/container/BoundMethod.php(36): Illuminate\\Database\\Console\\Migrations\\InstallCommand->handle()
#10 /var/www/vendor/illuminate/container/Util.php(41): Illuminate\\Container\\BoundMethod::{closure:Illuminate\\Container\\BoundMethod::call():35}()
#11 /var/www/vendor/illuminate/container/BoundMethod.php(93): Illuminate\\Container\\Util::unwrapIfClosure(Object(Closure))
#12 /var/www/vendor/illuminate/container/BoundMethod.php(35): Illuminate\\Container\\BoundMethod::callBoundMethod(Object(Laravel\\Lumen\\Application), Array, Object(Closure))
#13 /var/www/vendor/illuminate/container/Container.php(662): Illuminate\\Container\\BoundMethod::call(Object(Laravel\\Lumen\\Application), Array, Array, NULL)
#14 /var/www/vendor/illuminate/console/Command.php(211): Illuminate\\Container\\Container->call(Array)
#15 /var/www/vendor/symfony/console/Command/Command.php(326): Illuminate\\Console\\Command->execute(Object(Symfony\\Component\\Console\\Input\\ArrayInput), Object(Illuminate\\Console\\OutputStyle))
#16 /var/www/vendor/illuminate/console/Command.php(180): Symfony\\Component\\Console\\Command\\Command->run(Object(Symfony\\Component\\Console\\Input\\ArrayInput), Object(Illuminate\\Console\\OutputStyle))
#17 /var/www/vendor/illuminate/console/Concerns/CallsCommands.php(67): Illuminate\\Console\\Command->run(Object(Symfony\\Component\\Console\\Input\\ArrayInput), Object(Symfony\\Component\\Console\\Output\\NullOutput))
#18 /var/www/vendor/illuminate/console/Concerns/CallsCommands.php(40): Illuminate\\Console\\Command->runCommand('migrate:install', Array, Object(Symfony\\Component\\Console\\Output\\NullOutput))
#19 /var/www/vendor/illuminate/database/Console/Migrations/MigrateCommand.php(120): Illuminate\\Console\\Command->callSilent('migrate:install', Array)
#20 /var/www/vendor/illuminate/console/View/Components/Task.php(37): Illuminate\\Database\\Console\\Migrations\\MigrateCommand->{closure:Illuminate\\Database\\Console\\Migrations\\MigrateCommand::prepareDatabase():119}()
#21 /var/www/vendor/illuminate/console/View/Components/Factory.php(58): Illuminate\\Console\\View\\Components\\Task->render('Creating migrat...', Object(Closure))
#22 /var/www/vendor/illuminate/database/Console/Migrations/MigrateCommand.php(119): Illuminate\\Console\\View\\Components\\Factory->__call('task', Array)
#23 /var/www/vendor/illuminate/database/Console/Migrations/MigrateCommand.php(84): Illuminate\\Database\\Console\\Migrations\\MigrateCommand->prepareDatabase()
#24 /var/www/vendor/illuminate/database/Migrations/Migrator.php(641): Illuminate\\Database\\Console\\Migrations\\MigrateCommand->{closure:Illuminate\\Database\\Console\\Migrations\\MigrateCommand::handle():83}()
#25 /var/www/vendor/illuminate/database/Console/Migrations/MigrateCommand.php(83): Illuminate\\Database\\Migrations\\Migrator->usingConnection(NULL, Object(Closure))
#26 /var/www/vendor/illuminate/container/BoundMethod.php(36): Illuminate\\Database\\Console\\Migrations\\MigrateCommand->handle()
#27 /var/www/vendor/illuminate/container/Util.php(41): Illuminate\\Container\\BoundMethod::{closure:Illuminate\\Container\\BoundMethod::call():35}()
#28 /var/www/vendor/illuminate/container/BoundMethod.php(93): Illuminate\\Container\\Util::unwrapIfClosure(Object(Closure))
#29 /var/www/vendor/illuminate/container/BoundMethod.php(35): Illuminate\\Container\\BoundMethod::callBoundMethod(Object(Laravel\\Lumen\\Application), Array, Object(Closure))
#30 /var/www/vendor/illuminate/container/Container.php(662): Illuminate\\Container\\BoundMethod::call(Object(Laravel\\Lumen\\Application), Array, Array, NULL)
#31 /var/www/vendor/illuminate/console/Command.php(211): Illuminate\\Container\\Container->call(Array)
#32 /var/www/vendor/symfony/console/Command/Command.php(326): Illuminate\\Console\\Command->execute(Object(Symfony\\Component\\Console\\Input\\ArgvInput), Object(Illuminate\\Console\\OutputStyle))
#33 /var/www/vendor/illuminate/console/Command.php(180): Symfony\\Component\\Console\\Command\\Command->run(Object(Symfony\\Component\\Console\\Input\\ArgvInput), Object(Illuminate\\Console\\OutputStyle))
#34 /var/www/vendor/symfony/console/Application.php(1098): Illuminate\\Console\\Command->run(Object(Symfony\\Component\\Console\\Input\\ArgvInput), Object(Symfony\\Component\\Console\\Output\\ConsoleOutput))
#35 /var/www/vendor/symfony/console/Application.php(324): Symfony\\Component\\Console\\Application->doRunCommand(Object(Illuminate\\Database\\Console\\Migrations\\MigrateCommand), Object(Symfony\\Component\\Console\\Input\\ArgvInput), Object(Symfony\\Component\\Console\\Output\\ConsoleOutput))
#36 /var/www/vendor/symfony/console/Application.php(175): Symfony\\Component\\Console\\Application->doRun(Object(Symfony\\Component\\Console\\Input\\ArgvInput), Object(Symfony\\Component\\Console\\Output\\ConsoleOutput))
#37 /var/www/vendor/laravel/lumen-framework/src/Console/Kernel.php(160): Symfony\\Component\\Console\\Application->run(Object(Symfony\\Component\\Console\\Input\\ArgvInput), Object(Symfony\\Component\\Console\\Output\\ConsoleOutput))
#38 /var/www/artisan(35): Laravel\\Lumen\\Console\\Kernel->handle(Object(Symfony\\Component\\Console\\Input\\ArgvInput), Object(Symfony\\Component\\Console\\Output\\ConsoleOutput))
#39 {main}
"} 
[2026-05-23 07:58:09] local.ERROR: SQLSTATE[42601]: Syntax error: 7 ERROR:  zero-length delimited identifier at or near """"
LINE 1: create table "" ("id" serial not null primary key, "migratio...
                     ^ (Connection: pgsql, SQL: create table "" ("id" serial not null primary key, "migration" varchar(255) not null, "batch" integer not null)) {"exception":"[object] (Illuminate\\Database\\QueryException(code: 42601): SQLSTATE[42601]: Syntax error: 7 ERROR:  zero-length delimited identifier at or near \"\"\"\"
LINE 1: create table \"\" (\"id\" serial not null primary key, \"migratio...
                     ^ (Connection: pgsql, SQL: create table \"\" (\"id\" serial not null primary key, \"migration\" varchar(255) not null, \"batch\" integer not null)) at /var/www/vendor/illuminate/database/Connection.php:829)
[stacktrace]
#0 /var/www/vendor/illuminate/database/Connection.php(783): Illuminate\\Database\\Connection->runQueryCallback('create table \"\"...', Array, Object(Closure))
#1 /var/www/vendor/illuminate/database/Connection.php(576): Illuminate\\Database\\Connection->run('create table \"\"...', Array, Object(Closure))
#2 /var/www/vendor/illuminate/database/Schema/Blueprint.php(110): Illuminate\\Database\\Connection->statement('create table \"\"...')
#3 /var/www/vendor/illuminate/database/Schema/Builder.php(602): Illuminate\\Database\\Schema\\Blueprint->build(Object(Illuminate\\Database\\PostgresConnection), Object(Illuminate\\Database\\Schema\\Grammars\\PostgresGrammar))
#4 /var/www/vendor/illuminate/database/Schema/Builder.php(456): Illuminate\\Database\\Schema\\Builder->build(Object(Illuminate\\Database\\Schema\\Blueprint))
#5 /var/www/vendor/illuminate/database/Migrations/DatabaseMigrationRepository.php(165): Illuminate\\Database\\Schema\\Builder->create(NULL, Object(Closure))
#6 /var/www/vendor/illuminate/database/Console/Migrations/InstallCommand.php(54): Illuminate\\Database\\Migrations\\DatabaseMigrationRepository->createRepository()
#7 /var/www/vendor/illuminate/container/BoundMethod.php(36): Illuminate\\Database\\Console\\Migrations\\InstallCommand->handle()
#8 /var/www/vendor/illuminate/container/Util.php(41): Illuminate\\Container\\BoundMethod::{closure:Illuminate\\Container\\BoundMethod::call():35}()
#9 /var/www/vendor/illuminate/container/BoundMethod.php(93): Illuminate\\Container\\Util::unwrapIfClosure(Object(Closure))
#10 /var/www/vendor/illuminate/container/BoundMethod.php(35): Illuminate\\Container\\BoundMethod::callBoundMethod(Object(Laravel\\Lumen\\Application), Array, Object(Closure))
#11 /var/www/vendor/illuminate/container/Container.php(662): Illuminate\\Container\\BoundMethod::call(Object(Laravel\\Lumen\\Application), Array, Array, NULL)
#12 /var/www/vendor/illuminate/console/Command.php(211): Illuminate\\Container\\Container->call(Array)
#13 /var/www/vendor/symfony/console/Command/Command.php(326): Illuminate\\Console\\Command->execute(Object(Symfony\\Component\\Console\\Input\\ArrayInput), Object(Illuminate\\Console\\OutputStyle))
#14 /var/www/vendor/illuminate/console/Command.php(180): Symfony\\Component\\Console\\Command\\Command->run(Object(Symfony\\Component\\Console\\Input\\ArrayInput), Object(Illuminate\\Console\\OutputStyle))
#15 /var/www/vendor/illuminate/console/Concerns/CallsCommands.php(67): Illuminate\\Console\\Command->run(Object(Symfony\\Component\\Console\\Input\\ArrayInput), Object(Symfony\\Component\\Console\\Output\\NullOutput))
#16 /var/www/vendor/illuminate/console/Concerns/CallsCommands.php(40): Illuminate\\Console\\Command->runCommand('migrate:install', Array, Object(Symfony\\Component\\Console\\Output\\NullOutput))
#17 /var/www/vendor/illuminate/database/Console/Migrations/MigrateCommand.php(120): Illuminate\\Console\\Command->callSilent('migrate:install', Array)
#18 /var/www/vendor/illuminate/console/View/Components/Task.php(37): Illuminate\\Database\\Console\\Migrations\\MigrateCommand->{closure:Illuminate\\Database\\Console\\Migrations\\MigrateCommand::prepareDatabase():119}()
#19 /var/www/vendor/illuminate/console/View/Components/Factory.php(58): Illuminate\\Console\\View\\Components\\Task->render('Creating migrat...', Object(Closure))
#20 /var/www/vendor/illuminate/database/Console/Migrations/MigrateCommand.php(119): Illuminate\\Console\\View\\Components\\Factory->__call('task', Array)
#21 /var/www/vendor/illuminate/database/Console/Migrations/MigrateCommand.php(84): Illuminate\\Database\\Console\\Migrations\\MigrateCommand->prepareDatabase()
#22 /var/www/vendor/illuminate/database/Migrations/Migrator.php(641): Illuminate\\Database\\Console\\Migrations\\MigrateCommand->{closure:Illuminate\\Database\\Console\\Migrations\\MigrateCommand::handle():83}()
#23 /var/www/vendor/illuminate/database/Console/Migrations/MigrateCommand.php(83): Illuminate\\Database\\Migrations\\Migrator->usingConnection(NULL, Object(Closure))
#24 /var/www/vendor/illuminate/container/BoundMethod.php(36): Illuminate\\Database\\Console\\Migrations\\MigrateCommand->handle()
#25 /var/www/vendor/illuminate/container/Util.php(41): Illuminate\\Container\\BoundMethod::{closure:Illuminate\\Container\\BoundMethod::call():35}()
#26 /var/www/vendor/illuminate/container/BoundMethod.php(93): Illuminate\\Container\\Util::unwrapIfClosure(Object(Closure))
#27 /var/www/vendor/illuminate/container/BoundMethod.php(35): Illuminate\\Container\\BoundMethod::callBoundMethod(Object(Laravel\\Lumen\\Application), Array, Object(Closure))
#28 /var/www/vendor/illuminate/container/Container.php(662): Illuminate\\Container\\BoundMethod::call(Object(Laravel\\Lumen\\Application), Array, Array, NULL)
#29 /var/www/vendor/illuminate/console/Command.php(211): Illuminate\\Container\\Container->call(Array)
#30 /var/www/vendor/symfony/console/Command/Command.php(326): Illuminate\\Console\\Command->execute(Object(Symfony\\Component\\Console\\Input\\ArgvInput), Object(Illuminate\\Console\\OutputStyle))
#31 /var/www/vendor/illuminate/console/Command.php(180): Symfony\\Component\\Console\\Command\\Command->run(Object(Symfony\\Component\\Console\\Input\\ArgvInput), Object(Illuminate\\Console\\OutputStyle))
#32 /var/www/vendor/symfony/console/Application.php(1098): Illuminate\\Console\\Command->run(Object(Symfony\\Component\\Console\\Input\\ArgvInput), Object(Symfony\\Component\\Console\\Output\\ConsoleOutput))
#33 /var/www/vendor/symfony/console/Application.php(324): Symfony\\Component\\Console\\Application->doRunCommand(Object(Illuminate\\Database\\Console\\Migrations\\MigrateCommand), Object(Symfony\\Component\\Console\\Input\\ArgvInput), Object(Symfony\\Component\\Console\\Output\\ConsoleOutput))
#34 /var/www/vendor/symfony/console/Application.php(175): Symfony\\Component\\Console\\Application->doRun(Object(Symfony\\Component\\Console\\Input\\ArgvInput), Object(Symfony\\Component\\Console\\Output\\ConsoleOutput))
#35 /var/www/vendor/laravel/lumen-framework/src/Console/Kernel.php(160): Symfony\\Component\\Console\\Application->run(Object(Symfony\\Component\\Console\\Input\\ArgvInput), Object(Symfony\\Component\\Console\\Output\\ConsoleOutput))
#36 /var/www/artisan(35): Laravel\\Lumen\\Console\\Kernel->handle(Object(Symfony\\Component\\Console\\Input\\ArgvInput), Object(Symfony\\Component\\Console\\Output\\ConsoleOutput))
#37 {main}

[previous exception] [object] (PDOException(code: 42601): SQLSTATE[42601]: Syntax error: 7 ERROR:  zero-length delimited identifier at or near \"\"\"\"
LINE 1: create table \"\" (\"id\" serial not null primary key, \"migratio...
                     ^ at /var/www/vendor/illuminate/database/Connection.php:587)
[stacktrace]
#0 /var/www/vendor/illuminate/database/Connection.php(587): PDOStatement->execute()
#1 /var/www/vendor/illuminate/database/Connection.php(816): Illuminate\\Database\\Connection->{closure:Illuminate\\Database\\Connection::statement():576}('create table \"\"...', Array)
#2 /var/www/vendor/illuminate/database/Connection.php(783): Illuminate\\Database\\Connection->runQueryCallback('create table \"\"...', Array, Object(Closure))
#3 /var/www/vendor/illuminate/database/Connection.php(576): Illuminate\\Database\\Connection->run('create table \"\"...', Array, Object(Closure))
#4 /var/www/vendor/illuminate/database/Schema/Blueprint.php(110): Illuminate\\Database\\Connection->statement('create table \"\"...')
#5 /var/www/vendor/illuminate/database/Schema/Builder.php(602): Illuminate\\Database\\Schema\\Blueprint->build(Object(Illuminate\\Database\\PostgresConnection), Object(Illuminate\\Database\\Schema\\Grammars\\PostgresGrammar))
#6 /var/www/vendor/illuminate/database/Schema/Builder.php(456): Illuminate\\Database\\Schema\\Builder->build(Object(Illuminate\\Database\\Schema\\Blueprint))
#7 /var/www/vendor/illuminate/database/Migrations/DatabaseMigrationRepository.php(165): Illuminate\\Database\\Schema\\Builder->create(NULL, Object(Closure))
#8 /var/www/vendor/illuminate/database/Console/Migrations/InstallCommand.php(54): Illuminate\\Database\\Migrations\\DatabaseMigrationRepository->createRepository()
#9 /var/www/vendor/illuminate/container/BoundMethod.php(36): Illuminate\\Database\\Console\\Migrations\\InstallCommand->handle()
#10 /var/www/vendor/illuminate/container/Util.php(41): Illuminate\\Container\\BoundMethod::{closure:Illuminate\\Container\\BoundMethod::call():35}()
#11 /var/www/vendor/illuminate/container/BoundMethod.php(93): Illuminate\\Container\\Util::unwrapIfClosure(Object(Closure))
#12 /var/www/vendor/illuminate/container/BoundMethod.php(35): Illuminate\\Container\\BoundMethod::callBoundMethod(Object(Laravel\\Lumen\\Application), Array, Object(Closure))
#13 /var/www/vendor/illuminate/container/Container.php(662): Illuminate\\Container\\BoundMethod::call(Object(Laravel\\Lumen\\Application), Array, Array, NULL)
#14 /var/www/vendor/illuminate/console/Command.php(211): Illuminate\\Container\\Container->call(Array)
#15 /var/www/vendor/symfony/console/Command/Command.php(326): Illuminate\\Console\\Command->execute(Object(Symfony\\Component\\Console\\Input\\ArrayInput), Object(Illuminate\\Console\\OutputStyle))
#16 /var/www/vendor/illuminate/console/Command.php(180): Symfony\\Component\\Console\\Command\\Command->run(Object(Symfony\\Component\\Console\\Input\\ArrayInput), Object(Illuminate\\Console\\OutputStyle))
#17 /var/www/vendor/illuminate/console/Concerns/CallsCommands.php(67): Illuminate\\Console\\Command->run(Object(Symfony\\Component\\Console\\Input\\ArrayInput), Object(Symfony\\Component\\Console\\Output\\NullOutput))
#18 /var/www/vendor/illuminate/console/Concerns/CallsCommands.php(40): Illuminate\\Console\\Command->runCommand('migrate:install', Array, Object(Symfony\\Component\\Console\\Output\\NullOutput))
#19 /var/www/vendor/illuminate/database/Console/Migrations/MigrateCommand.php(120): Illuminate\\Console\\Command->callSilent('migrate:install', Array)
#20 /var/www/vendor/illuminate/console/View/Components/Task.php(37): Illuminate\\Database\\Console\\Migrations\\MigrateCommand->{closure:Illuminate\\Database\\Console\\Migrations\\MigrateCommand::prepareDatabase():119}()
#21 /var/www/vendor/illuminate/console/View/Components/Factory.php(58): Illuminate\\Console\\View\\Components\\Task->render('Creating migrat...', Object(Closure))
#22 /var/www/vendor/illuminate/database/Console/Migrations/MigrateCommand.php(119): Illuminate\\Console\\View\\Components\\Factory->__call('task', Array)
#23 /var/www/vendor/illuminate/database/Console/Migrations/MigrateCommand.php(84): Illuminate\\Database\\Console\\Migrations\\MigrateCommand->prepareDatabase()
#24 /var/www/vendor/illuminate/database/Migrations/Migrator.php(641): Illuminate\\Database\\Console\\Migrations\\MigrateCommand->{closure:Illuminate\\Database\\Console\\Migrations\\MigrateCommand::handle():83}()
#25 /var/www/vendor/illuminate/database/Console/Migrations/MigrateCommand.php(83): Illuminate\\Database\\Migrations\\Migrator->usingConnection(NULL, Object(Closure))
#26 /var/www/vendor/illuminate/container/BoundMethod.php(36): Illuminate\\Database\\Console\\Migrations\\MigrateCommand->handle()
#27 /var/www/vendor/illuminate/container/Util.php(41): Illuminate\\Container\\BoundMethod::{closure:Illuminate\\Container\\BoundMethod::call():35}()
#28 /var/www/vendor/illuminate/container/BoundMethod.php(93): Illuminate\\Container\\Util::unwrapIfClosure(Object(Closure))
#29 /var/www/vendor/illuminate/container/BoundMethod.php(35): Illuminate\\Container\\BoundMethod::callBoundMethod(Object(Laravel\\Lumen\\Application), Array, Object(Closure))
#30 /var/www/vendor/illuminate/container/Container.php(662): Illuminate\\Container\\BoundMethod::call(Object(Laravel\\Lumen\\Application), Array, Array, NULL)
#31 /var/www/vendor/illuminate/console/Command.php(211): Illuminate\\Container\\Container->call(Array)
#32 /var/www/vendor/symfony/console/Command/Command.php(326): Illuminate\\Console\\Command->execute(Object(Symfony\\Component\\Console\\Input\\ArgvInput), Object(Illuminate\\Console\\OutputStyle))
#33 /var/www/vendor/illuminate/console/Command.php(180): Symfony\\Component\\Console\\Command\\Command->run(Object(Symfony\\Component\\Console\\Input\\ArgvInput), Object(Illuminate\\Console\\OutputStyle))
#34 /var/www/vendor/symfony/console/Application.php(1098): Illuminate\\Console\\Command->run(Object(Symfony\\Component\\Console\\Input\\ArgvInput), Object(Symfony\\Component\\Console\\Output\\ConsoleOutput))
#35 /var/www/vendor/symfony/console/Application.php(324): Symfony\\Component\\Console\\Application->doRunCommand(Object(Illuminate\\Database\\Console\\Migrations\\MigrateCommand), Object(Symfony\\Component\\Console\\Input\\ArgvInput), Object(Symfony\\Component\\Console\\Output\\ConsoleOutput))
#36 /var/www/vendor/symfony/console/Application.php(175): Symfony\\Component\\Console\\Application->doRun(Object(Symfony\\Component\\Console\\Input\\ArgvInput), Object(Symfony\\Component\\Console\\Output\\ConsoleOutput))
#37 /var/www/vendor/laravel/lumen-framework/src/Console/Kernel.php(160): Symfony\\Component\\Console\\Application->run(Object(Symfony\\Component\\Console\\Input\\ArgvInput), Object(Symfony\\Component\\Console\\Output\\ConsoleOutput))
#38 /var/www/artisan(35): Laravel\\Lumen\\Console\\Kernel->handle(Object(Symfony\\Component\\Console\\Input\\ArgvInput), Object(Symfony\\Component\\Console\\Output\\ConsoleOutput))
#39 {main}
"} 
[2026-05-23 07:59:30] local.INFO: Request {"method":"GET","url":"http://localhost:9100/health","ip":"185.85.0.29","user_agent":"curl/8.7.1","request_id":"93d6b1aa-1d09-4659-b2a9-66ed82aa8ccd"} 
[2026-05-23 07:59:30] local.ERROR: SQLSTATE[22P02]: Invalid text representation: 7 ERROR:  invalid input syntax for type integer: "3518ffeb-366b-4a0d-bdd7-3bab18c14272"
CONTEXT:  unnamed portal parameter $1 = '...' (Connection: pgsql, SQL: select * from "user_unread_counts" where "user_id" = 3518ffeb-366b-4a0d-bdd7-3bab18c14272 limit 1) {"exception":"[object] (Illuminate\\Database\\QueryException(code: 22P02): SQLSTATE[22P02]: Invalid text representation: 7 ERROR:  invalid input syntax for type integer: \"3518ffeb-366b-4a0d-bdd7-3bab18c14272\"
CONTEXT:  unnamed portal parameter $1 = '...' (Connection: pgsql, SQL: select * from \"user_unread_counts\" where \"user_id\" = 3518ffeb-366b-4a0d-bdd7-3bab18c14272 limit 1) at /var/www/vendor/illuminate/database/Connection.php:829)
[stacktrace]
#0 /var/www/vendor/illuminate/database/Connection.php(783): Illuminate\\Database\\Connection->runQueryCallback('select * from \"...', Array, Object(Closure))
#1 /var/www/vendor/illuminate/database/Connection.php(414): Illuminate\\Database\\Connection->run('select * from \"...', Array, Object(Closure))
#2 /var/www/vendor/illuminate/database/Query/Builder.php(2913): Illuminate\\Database\\Connection->select('select * from \"...', Array, true)
#3 /var/www/vendor/illuminate/database/Query/Builder.php(2902): Illuminate\\Database\\Query\\Builder->runSelect()
#4 /var/www/vendor/illuminate/database/Query/Builder.php(3456): Illuminate\\Database\\Query\\Builder->{closure:Illuminate\\Database\\Query\\Builder::get():2901}()
#5 /var/www/vendor/illuminate/database/Query/Builder.php(2901): Illuminate\\Database\\Query\\Builder->onceWithColumns(Array, Object(Closure))
#6 /var/www/vendor/illuminate/database/Eloquent/Builder.php(739): Illuminate\\Database\\Query\\Builder->get(Array)
#7 /var/www/vendor/illuminate/database/Eloquent/Builder.php(723): Illuminate\\Database\\Eloquent\\Builder->getModels(Array)
#8 /var/www/vendor/illuminate/database/Concerns/BuildsQueries.php(333): Illuminate\\Database\\Eloquent\\Builder->get(Array)
#9 /var/www/app/Http/Controllers/Api/V1/CounterController.php(88): Illuminate\\Database\\Eloquent\\Builder->first()
#10 /var/www/vendor/illuminate/cache/Repository.php(396): App\\Http\\Controllers\\Api\\V1\\CounterController->{closure:App\\Http\\Controllers\\Api\\V1\\CounterController::user():87}()
#11 /var/www/vendor/illuminate/cache/CacheManager.php(429): Illuminate\\Cache\\Repository->remember('user:3518ffeb-3...', 60, Object(Closure))
#12 /var/www/vendor/illuminate/support/Facades/Facade.php(355): Illuminate\\Cache\\CacheManager->__call('remember', Array)
#13 /var/www/app/Http/Controllers/Api/V1/CounterController.php(87): Illuminate\\Support\\Facades\\Facade::__callStatic('remember', Array)
#14 /var/www/vendor/illuminate/container/BoundMethod.php(36): App\\Http\\Controllers\\Api\\V1\\CounterController->user(Object(Laravel\\Lumen\\Http\\Request), '3518ffeb-366b-4...')
#15 /var/www/vendor/illuminate/container/Util.php(41): Illuminate\\Container\\BoundMethod::{closure:Illuminate\\Container\\BoundMethod::call():35}()
#16 /var/www/vendor/illuminate/container/BoundMethod.php(93): Illuminate\\Container\\Util::unwrapIfClosure(Object(Closure))
#17 /var/www/vendor/illuminate/container/BoundMethod.php(35): Illuminate\\Container\\BoundMethod::callBoundMethod(Object(Laravel\\Lumen\\Application), Array, Object(Closure))
#18 /var/www/vendor/illuminate/container/Container.php(662): Illuminate\\Container\\BoundMethod::call(Object(Laravel\\Lumen\\Application), Array, Array, NULL)
#19 /var/www/vendor/laravel/lumen-framework/src/Concerns/RoutesRequests.php(391): Illuminate\\Container\\Container->call(Array, Array)
#20 /var/www/vendor/laravel/lumen-framework/src/Concerns/RoutesRequests.php(356): Laravel\\Lumen\\Application->callControllerCallable(Array, Array)
#21 /var/www/vendor/laravel/lumen-framework/src/Concerns/RoutesRequests.php(331): Laravel\\Lumen\\Application->callLumenController(Object(App\\Http\\Controllers\\Api\\V1\\CounterController), 'user', Array)
#22 /var/www/vendor/laravel/lumen-framework/src/Concerns/RoutesRequests.php(284): Laravel\\Lumen\\Application->callControllerAction(Array)
#23 /var/www/vendor/laravel/lumen-framework/src/Concerns/RoutesRequests.php(269): Laravel\\Lumen\\Application->callActionOnArrayBasedRoute(Array)
#24 /var/www/vendor/laravel/lumen-framework/src/Concerns/RoutesRequests.php(239): Laravel\\Lumen\\Application->handleFoundRoute(Array)
#25 /var/www/vendor/laravel/lumen-framework/src/Concerns/RoutesRequests.php(174): Laravel\\Lumen\\Application->handleDispatcherResponse(Array)
#26 /var/www/vendor/laravel/lumen-framework/src/Routing/Pipeline.php(48): Laravel\\Lumen\\Application->{closure:Laravel\\Lumen\\Concerns\\RoutesRequests::dispatch():167}(Object(Laravel\\Lumen\\Http\\Request))
#27 /var/www/app/Http/Middleware/RequestIdMiddleware.php(29): Laravel\\Lumen\\Routing\\Pipeline->{closure:Laravel\\Lumen\\Routing\\Pipeline::prepareDestination():46}(Object(Laravel\\Lumen\\Http\\Request))
#28 /var/www/vendor/illuminate/pipeline/Pipeline.php(183): App\\Http\\Middleware\\RequestIdMiddleware->handle(Object(Laravel\\Lumen\\Http\\Request), Object(Closure))
#29 /var/www/vendor/laravel/lumen-framework/src/Routing/Pipeline.php(30): Illuminate\\Pipeline\\Pipeline->{closure:{closure:Illuminate\\Pipeline\\Pipeline::carry():158}:159}(Object(Laravel\\Lumen\\Http\\Request))
#30 /var/www/vendor/illuminate/pipeline/Pipeline.php(119): Laravel\\Lumen\\Routing\\Pipeline->{closure:{closure:Laravel\\Lumen\\Routing\\Pipeline::carry():25}:26}(Object(Laravel\\Lumen\\Http\\Request))
#31 /var/www/vendor/laravel/lumen-framework/src/Concerns/RoutesRequests.php(428): Illuminate\\Pipeline\\Pipeline->then(Object(Closure))
#32 /var/www/vendor/laravel/lumen-framework/src/Concerns/RoutesRequests.php(167): Laravel\\Lumen\\Application->sendThroughPipeline(Array, Object(Closure))
#33 /var/www/vendor/laravel/lumen-framework/src/Concerns/RoutesRequests.php(112): Laravel\\Lumen\\Application->dispatch(NULL)
#34 /var/www/public/index.php(28): Laravel\\Lumen\\Application->run()
#35 {main}

[previous exception] [object] (PDOException(code: 22P02): SQLSTATE[22P02]: Invalid text representation: 7 ERROR:  invalid input syntax for type integer: \"3518ffeb-366b-4a0d-bdd7-3bab18c14272\"
CONTEXT:  unnamed portal parameter $1 = '...' at /var/www/vendor/illuminate/database/Connection.php:428)
[stacktrace]
#0 /var/www/vendor/illuminate/database/Connection.php(428): PDOStatement->execute()
#1 /var/www/vendor/illuminate/database/Connection.php(816): Illuminate\\Database\\Connection->{closure:Illuminate\\Database\\Connection::select():414}('select * from \"...', Array)
#2 /var/www/vendor/illuminate/database/Connection.php(783): Illuminate\\Database\\Connection->runQueryCallback('select * from \"...', Array, Object(Closure))
#3 /var/www/vendor/illuminate/database/Connection.php(414): Illuminate\\Database\\Connection->run('select * from \"...', Array, Object(Closure))
#4 /var/www/vendor/illuminate/database/Query/Builder.php(2913): Illuminate\\Database\\Connection->select('select * from \"...', Array, true)
#5 /var/www/vendor/illuminate/database/Query/Builder.php(2902): Illuminate\\Database\\Query\\Builder->runSelect()
#6 /var/www/vendor/illuminate/database/Query/Builder.php(3456): Illuminate\\Database\\Query\\Builder->{closure:Illuminate\\Database\\Query\\Builder::get():2901}()
#7 /var/www/vendor/illuminate/database/Query/Builder.php(2901): Illuminate\\Database\\Query\\Builder->onceWithColumns(Array, Object(Closure))
#8 /var/www/vendor/illuminate/database/Eloquent/Builder.php(739): Illuminate\\Database\\Query\\Builder->get(Array)
#9 /var/www/vendor/illuminate/database/Eloquent/Builder.php(723): Illuminate\\Database\\Eloquent\\Builder->getModels(Array)
#10 /var/www/vendor/illuminate/database/Concerns/BuildsQueries.php(333): Illuminate\\Database\\Eloquent\\Builder->get(Array)
#11 /var/www/app/Http/Controllers/Api/V1/CounterController.php(88): Illuminate\\Database\\Eloquent\\Builder->first()
#12 /var/www/vendor/illuminate/cache/Repository.php(396): App\\Http\\Controllers\\Api\\V1\\CounterController->{closure:App\\Http\\Controllers\\Api\\V1\\CounterController::user():87}()
#13 /var/www/vendor/illuminate/cache/CacheManager.php(429): Illuminate\\Cache\\Repository->remember('user:3518ffeb-3...', 60, Object(Closure))
#14 /var/www/vendor/illuminate/support/Facades/Facade.php(355): Illuminate\\Cache\\CacheManager->__call('remember', Array)
#15 /var/www/app/Http/Controllers/Api/V1/CounterController.php(87): Illuminate\\Support\\Facades\\Facade::__callStatic('remember', Array)
#16 /var/www/vendor/illuminate/container/BoundMethod.php(36): App\\Http\\Controllers\\Api\\V1\\CounterController->user(Object(Laravel\\Lumen\\Http\\Request), '3518ffeb-366b-4...')
#17 /var/www/vendor/illuminate/container/Util.php(41): Illuminate\\Container\\BoundMethod::{closure:Illuminate\\Container\\BoundMethod::call():35}()
#18 /var/www/vendor/illuminate/container/BoundMethod.php(93): Illuminate\\Container\\Util::unwrapIfClosure(Object(Closure))
#19 /var/www/vendor/illuminate/container/BoundMethod.php(35): Illuminate\\Container\\BoundMethod::callBoundMethod(Object(Laravel\\Lumen\\Application), Array, Object(Closure))
#20 /var/www/vendor/illuminate/container/Container.php(662): Illuminate\\Container\\BoundMethod::call(Object(Laravel\\Lumen\\Application), Array, Array, NULL)
#21 /var/www/vendor/laravel/lumen-framework/src/Concerns/RoutesRequests.php(391): Illuminate\\Container\\Container->call(Array, Array)
#22 /var/www/vendor/laravel/lumen-framework/src/Concerns/RoutesRequests.php(356): Laravel\\Lumen\\Application->callControllerCallable(Array, Array)
#23 /var/www/vendor/laravel/lumen-framework/src/Concerns/RoutesRequests.php(331): Laravel\\Lumen\\Application->callLumenController(Object(App\\Http\\Controllers\\Api\\V1\\CounterController), 'user', Array)
#24 /var/www/vendor/laravel/lumen-framework/src/Concerns/RoutesRequests.php(284): Laravel\\Lumen\\Application->callControllerAction(Array)
#25 /var/www/vendor/laravel/lumen-framework/src/Concerns/RoutesRequests.php(269): Laravel\\Lumen\\Application->callActionOnArrayBasedRoute(Array)
#26 /var/www/vendor/laravel/lumen-framework/src/Concerns/RoutesRequests.php(239): Laravel\\Lumen\\Application->handleFoundRoute(Array)
#27 /var/www/vendor/laravel/lumen-framework/src/Concerns/RoutesRequests.php(174): Laravel\\Lumen\\Application->handleDispatcherResponse(Array)
#28 /var/www/vendor/laravel/lumen-framework/src/Routing/Pipeline.php(48): Laravel\\Lumen\\Application->{closure:Laravel\\Lumen\\Concerns\\RoutesRequests::dispatch():167}(Object(Laravel\\Lumen\\Http\\Request))
#29 /var/www/app/Http/Middleware/RequestIdMiddleware.php(29): Laravel\\Lumen\\Routing\\Pipeline->{closure:Laravel\\Lumen\\Routing\\Pipeline::prepareDestination():46}(Object(Laravel\\Lumen\\Http\\Request))
#30 /var/www/vendor/illuminate/pipeline/Pipeline.php(183): App\\Http\\Middleware\\RequestIdMiddleware->handle(Object(Laravel\\Lumen\\Http\\Request), Object(Closure))
#31 /var/www/vendor/laravel/lumen-framework/src/Routing/Pipeline.php(30): Illuminate\\Pipeline\\Pipeline->{closure:{closure:Illuminate\\Pipeline\\Pipeline::carry():158}:159}(Object(Laravel\\Lumen\\Http\\Request))
#32 /var/www/vendor/illuminate/pipeline/Pipeline.php(119): Laravel\\Lumen\\Routing\\Pipeline->{closure:{closure:Laravel\\Lumen\\Routing\\Pipeline::carry():25}:26}(Object(Laravel\\Lumen\\Http\\Request))
#33 /var/www/vendor/laravel/lumen-framework/src/Concerns/RoutesRequests.php(428): Illuminate\\Pipeline\\Pipeline->then(Object(Closure))
#34 /var/www/vendor/laravel/lumen-framework/src/Concerns/RoutesRequests.php(167): Laravel\\Lumen\\Application->sendThroughPipeline(Array, Object(Closure))
#35 /var/www/vendor/laravel/lumen-framework/src/Concerns/RoutesRequests.php(112): Laravel\\Lumen\\Application->dispatch(NULL)
#36 /var/www/public/index.php(28): Laravel\\Lumen\\Application->run()
#37 {main}
"} 
[2026-05-23 07:59:30] local.INFO: Request {"method":"GET","url":"http://localhost:9100/api/v1/counters/user/3518ffeb-366b-4a0d-bdd7-3bab18c14272","ip":"185.85.0.29","user_agent":"curl/8.7.1","request_id":"75cbab48-6755-4d7d-bc9e-2b27ab94134f"} 
[2026-05-23 08:01:41] local.INFO: Request {"method":"GET","url":"http://localhost:9100/health","ip":"185.85.0.29","user_agent":"curl/8.7.1","request_id":"5ae211e8-6418-4479-aeeb-3a52f59aec25"} 
[2026-05-23 08:01:42] local.INFO: Request {"method":"GET","url":"http://localhost:9100/api/v1/counters/user/ce95c0c5-4cc1-406a-b4d2-e6b351a687d8","ip":"185.85.0.29","user_agent":"curl/8.7.1","request_id":"3cd44d5d-51d3-49d9-b0f3-7d38962698c8"} 
[2026-05-23 08:02:14] local.WARNING: Invalid message.sent event {"type":"message.sent","timestamp":1779522220,"data":{"dialog_id":3,"author_user_id":7,"recipient_user_id":4,"message_id":7}} 
[2026-05-23 08:02:51] local.WARNING: Invalid message.sent event {"type":"message.sent","timestamp":1779523371,"data":{"dialog_id":4,"author_user_id":14,"recipient_user_id":4,"message_id":8}} 
[2026-05-23 08:05:00] local.WARNING: Invalid message.sent event {"type":"message.sent","timestamp":1779523500,"data":{"dialog_id":1,"author_user_id":5,"recipient_user_id":4,"message_id":9}} 
[2026-05-23 08:05:01] local.WARNING: Invalid message.sent event {"type":"message.sent","timestamp":1779523501,"data":{"dialog_id":1,"author_user_id":5,"recipient_user_id":4,"message_id":10}} 
[2026-05-23 08:05:02] local.WARNING: Invalid message.sent event {"type":"message.sent","timestamp":1779523502,"data":{"dialog_id":1,"author_user_id":5,"recipient_user_id":4,"message_id":11}} 
[2026-05-23 08:05:04] local.WARNING: Invalid dialog.opened event {"type":"dialog.opened","timestamp":1779523504,"data":{"dialog_id":1,"user_id":5}} 
[2026-05-23 08:05:04] local.WARNING: Invalid dialog.opened event {"type":"dialog.opened","timestamp":1779523504,"data":{"dialog_id":1,"user_id":5}} 
[2026-05-23 08:05:05] local.WARNING: Invalid dialog.opened event {"type":"dialog.opened","timestamp":1779523505,"data":{"dialog_id":1,"user_id":5}} 
[2026-05-23 08:05:06] local.WARNING: Invalid dialog.opened event {"type":"dialog.opened","timestamp":1779523506,"data":{"dialog_id":1,"user_id":5}} 
[2026-05-23 08:05:43] local.WARNING: Invalid dialog.opened event {"type":"dialog.opened","timestamp":1779523543,"data":{"dialog_id":1,"user_id":5}} 
[2026-05-23 08:12:38] local.INFO: Request {"method":"GET","url":"http://localhost:9100/health","ip":"185.85.0.29","user_agent":"curl/8.7.1","request_id":"d4eb9593-757c-44d4-af1c-d0b7b8b0118f"} 
[2026-05-23 08:12:39] local.INFO: Request {"method":"GET","url":"http://localhost:9100/api/v1/counters/user/6237205d-c6a2-4e68-a93b-7b48e176a2b6","ip":"185.85.0.29","user_agent":"curl/8.7.1","request_id":"86f879bf-f471-4faa-8755-7318d9223112"} 
[2026-05-23 08:13:15] local.INFO: Request {"method":"GET","url":"http://counter-service:9100/api/v1/counters/user/6237205d-c6a2-4e68-a93b-7b48e176a2b6","ip":"172.18.0.2","user_agent":null,"request_id":"req_6a11619b997b11.38362047"} 
[2026-05-23 08:13:28] local.WARNING: Invalid message.sent event {"type":"message.sent","timestamp":1779524008,"data":{"dialog_id":5,"author_user_id":16,"recipient_user_id":4,"message_id":12}} 
[2026-05-23 08:14:59] local.ERROR: SQLSTATE[22P02]: Invalid text representation: 7 ERROR:  invalid input syntax for type uuid: "4"
CONTEXT:  unnamed portal parameter $1 = '...' (Connection: pgsql, SQL: select * from "user_unread_counts" where "user_id" = 4 limit 1) {"exception":"[object] (Illuminate\\Database\\QueryException(code: 22P02): SQLSTATE[22P02]: Invalid text representation: 7 ERROR:  invalid input syntax for type uuid: \"4\"
CONTEXT:  unnamed portal parameter $1 = '...' (Connection: pgsql, SQL: select * from \"user_unread_counts\" where \"user_id\" = 4 limit 1) at /var/www/vendor/illuminate/database/Connection.php:829)
[stacktrace]
#0 /var/www/vendor/illuminate/database/Connection.php(783): Illuminate\\Database\\Connection->runQueryCallback('select * from \"...', Array, Object(Closure))
#1 /var/www/vendor/illuminate/database/Connection.php(414): Illuminate\\Database\\Connection->run('select * from \"...', Array, Object(Closure))
#2 /var/www/vendor/illuminate/database/Query/Builder.php(2913): Illuminate\\Database\\Connection->select('select * from \"...', Array, true)
#3 /var/www/vendor/illuminate/database/Query/Builder.php(2902): Illuminate\\Database\\Query\\Builder->runSelect()
#4 /var/www/vendor/illuminate/database/Query/Builder.php(3456): Illuminate\\Database\\Query\\Builder->{closure:Illuminate\\Database\\Query\\Builder::get():2901}()
#5 /var/www/vendor/illuminate/database/Query/Builder.php(2901): Illuminate\\Database\\Query\\Builder->onceWithColumns(Array, Object(Closure))
#6 /var/www/vendor/illuminate/database/Eloquent/Builder.php(739): Illuminate\\Database\\Query\\Builder->get(Array)
#7 /var/www/vendor/illuminate/database/Eloquent/Builder.php(723): Illuminate\\Database\\Eloquent\\Builder->getModels(Array)
#8 /var/www/vendor/illuminate/database/Concerns/BuildsQueries.php(333): Illuminate\\Database\\Eloquent\\Builder->get(Array)
#9 /var/www/app/Http/Controllers/Api/V1/CounterController.php(88): Illuminate\\Database\\Eloquent\\Builder->first()
#10 /var/www/vendor/illuminate/cache/Repository.php(396): App\\Http\\Controllers\\Api\\V1\\CounterController->{closure:App\\Http\\Controllers\\Api\\V1\\CounterController::user():87}()
#11 /var/www/vendor/illuminate/cache/CacheManager.php(429): Illuminate\\Cache\\Repository->remember('user:4:total_un...', 60, Object(Closure))
#12 /var/www/vendor/illuminate/support/Facades/Facade.php(355): Illuminate\\Cache\\CacheManager->__call('remember', Array)
#13 /var/www/app/Http/Controllers/Api/V1/CounterController.php(87): Illuminate\\Support\\Facades\\Facade::__callStatic('remember', Array)
#14 /var/www/vendor/illuminate/container/BoundMethod.php(36): App\\Http\\Controllers\\Api\\V1\\CounterController->user(Object(Laravel\\Lumen\\Http\\Request), '4')
#15 /var/www/vendor/illuminate/container/Util.php(41): Illuminate\\Container\\BoundMethod::{closure:Illuminate\\Container\\BoundMethod::call():35}()
#16 /var/www/vendor/illuminate/container/BoundMethod.php(93): Illuminate\\Container\\Util::unwrapIfClosure(Object(Closure))
#17 /var/www/vendor/illuminate/container/BoundMethod.php(35): Illuminate\\Container\\BoundMethod::callBoundMethod(Object(Laravel\\Lumen\\Application), Array, Object(Closure))
#18 /var/www/vendor/illuminate/container/Container.php(662): Illuminate\\Container\\BoundMethod::call(Object(Laravel\\Lumen\\Application), Array, Array, NULL)
#19 /var/www/vendor/laravel/lumen-framework/src/Concerns/RoutesRequests.php(391): Illuminate\\Container\\Container->call(Array, Array)
#20 /var/www/vendor/laravel/lumen-framework/src/Concerns/RoutesRequests.php(356): Laravel\\Lumen\\Application->callControllerCallable(Array, Array)
#21 /var/www/vendor/laravel/lumen-framework/src/Concerns/RoutesRequests.php(331): Laravel\\Lumen\\Application->callLumenController(Object(App\\Http\\Controllers\\Api\\V1\\CounterController), 'user', Array)
#22 /var/www/vendor/laravel/lumen-framework/src/Concerns/RoutesRequests.php(284): Laravel\\Lumen\\Application->callControllerAction(Array)
#23 /var/www/vendor/laravel/lumen-framework/src/Concerns/RoutesRequests.php(269): Laravel\\Lumen\\Application->callActionOnArrayBasedRoute(Array)
#24 /var/www/vendor/laravel/lumen-framework/src/Concerns/RoutesRequests.php(239): Laravel\\Lumen\\Application->handleFoundRoute(Array)
#25 /var/www/vendor/laravel/lumen-framework/src/Concerns/RoutesRequests.php(174): Laravel\\Lumen\\Application->handleDispatcherResponse(Array)
#26 /var/www/vendor/laravel/lumen-framework/src/Routing/Pipeline.php(48): Laravel\\Lumen\\Application->{closure:Laravel\\Lumen\\Concerns\\RoutesRequests::dispatch():167}(Object(Laravel\\Lumen\\Http\\Request))
#27 /var/www/app/Http/Middleware/RequestIdMiddleware.php(29): Laravel\\Lumen\\Routing\\Pipeline->{closure:Laravel\\Lumen\\Routing\\Pipeline::prepareDestination():46}(Object(Laravel\\Lumen\\Http\\Request))
#28 /var/www/vendor/illuminate/pipeline/Pipeline.php(183): App\\Http\\Middleware\\RequestIdMiddleware->handle(Object(Laravel\\Lumen\\Http\\Request), Object(Closure))
#29 /var/www/vendor/laravel/lumen-framework/src/Routing/Pipeline.php(30): Illuminate\\Pipeline\\Pipeline->{closure:{closure:Illuminate\\Pipeline\\Pipeline::carry():158}:159}(Object(Laravel\\Lumen\\Http\\Request))
#30 /var/www/vendor/illuminate/pipeline/Pipeline.php(119): Laravel\\Lumen\\Routing\\Pipeline->{closure:{closure:Laravel\\Lumen\\Routing\\Pipeline::carry():25}:26}(Object(Laravel\\Lumen\\Http\\Request))
#31 /var/www/vendor/laravel/lumen-framework/src/Concerns/RoutesRequests.php(428): Illuminate\\Pipeline\\Pipeline->then(Object(Closure))
#32 /var/www/vendor/laravel/lumen-framework/src/Concerns/RoutesRequests.php(167): Laravel\\Lumen\\Application->sendThroughPipeline(Array, Object(Closure))
#33 /var/www/vendor/laravel/lumen-framework/src/Concerns/RoutesRequests.php(112): Laravel\\Lumen\\Application->dispatch(NULL)
#34 /var/www/public/index.php(28): Laravel\\Lumen\\Application->run()
#35 {main}

[previous exception] [object] (PDOException(code: 22P02): SQLSTATE[22P02]: Invalid text representation: 7 ERROR:  invalid input syntax for type uuid: \"4\"
CONTEXT:  unnamed portal parameter $1 = '...' at /var/www/vendor/illuminate/database/Connection.php:428)
[stacktrace]
#0 /var/www/vendor/illuminate/database/Connection.php(428): PDOStatement->execute()
#1 /var/www/vendor/illuminate/database/Connection.php(816): Illuminate\\Database\\Connection->{closure:Illuminate\\Database\\Connection::select():414}('select * from \"...', Array)
#2 /var/www/vendor/illuminate/database/Connection.php(783): Illuminate\\Database\\Connection->runQueryCallback('select * from \"...', Array, Object(Closure))
#3 /var/www/vendor/illuminate/database/Connection.php(414): Illuminate\\Database\\Connection->run('select * from \"...', Array, Object(Closure))
#4 /var/www/vendor/illuminate/database/Query/Builder.php(2913): Illuminate\\Database\\Connection->select('select * from \"...', Array, true)
#5 /var/www/vendor/illuminate/database/Query/Builder.php(2902): Illuminate\\Database\\Query\\Builder->runSelect()
#6 /var/www/vendor/illuminate/database/Query/Builder.php(3456): Illuminate\\Database\\Query\\Builder->{closure:Illuminate\\Database\\Query\\Builder::get():2901}()
#7 /var/www/vendor/illuminate/database/Query/Builder.php(2901): Illuminate\\Database\\Query\\Builder->onceWithColumns(Array, Object(Closure))
#8 /var/www/vendor/illuminate/database/Eloquent/Builder.php(739): Illuminate\\Database\\Query\\Builder->get(Array)
#9 /var/www/vendor/illuminate/database/Eloquent/Builder.php(723): Illuminate\\Database\\Eloquent\\Builder->getModels(Array)
#10 /var/www/vendor/illuminate/database/Concerns/BuildsQueries.php(333): Illuminate\\Database\\Eloquent\\Builder->get(Array)
#11 /var/www/app/Http/Controllers/Api/V1/CounterController.php(88): Illuminate\\Database\\Eloquent\\Builder->first()
#12 /var/www/vendor/illuminate/cache/Repository.php(396): App\\Http\\Controllers\\Api\\V1\\CounterController->{closure:App\\Http\\Controllers\\Api\\V1\\CounterController::user():87}()
#13 /var/www/vendor/illuminate/cache/CacheManager.php(429): Illuminate\\Cache\\Repository->remember('user:4:total_un...', 60, Object(Closure))
#14 /var/www/vendor/illuminate/support/Facades/Facade.php(355): Illuminate\\Cache\\CacheManager->__call('remember', Array)
#15 /var/www/app/Http/Controllers/Api/V1/CounterController.php(87): Illuminate\\Support\\Facades\\Facade::__callStatic('remember', Array)
#16 /var/www/vendor/illuminate/container/BoundMethod.php(36): App\\Http\\Controllers\\Api\\V1\\CounterController->user(Object(Laravel\\Lumen\\Http\\Request), '4')
#17 /var/www/vendor/illuminate/container/Util.php(41): Illuminate\\Container\\BoundMethod::{closure:Illuminate\\Container\\BoundMethod::call():35}()
#18 /var/www/vendor/illuminate/container/BoundMethod.php(93): Illuminate\\Container\\Util::unwrapIfClosure(Object(Closure))
#19 /var/www/vendor/illuminate/container/BoundMethod.php(35): Illuminate\\Container\\BoundMethod::callBoundMethod(Object(Laravel\\Lumen\\Application), Array, Object(Closure))
#20 /var/www/vendor/illuminate/container/Container.php(662): Illuminate\\Container\\BoundMethod::call(Object(Laravel\\Lumen\\Application), Array, Array, NULL)
#21 /var/www/vendor/laravel/lumen-framework/src/Concerns/RoutesRequests.php(391): Illuminate\\Container\\Container->call(Array, Array)
#22 /var/www/vendor/laravel/lumen-framework/src/Concerns/RoutesRequests.php(356): Laravel\\Lumen\\Application->callControllerCallable(Array, Array)
#23 /var/www/vendor/laravel/lumen-framework/src/Concerns/RoutesRequests.php(331): Laravel\\Lumen\\Application->callLumenController(Object(App\\Http\\Controllers\\Api\\V1\\CounterController), 'user', Array)
#24 /var/www/vendor/laravel/lumen-framework/src/Concerns/RoutesRequests.php(284): Laravel\\Lumen\\Application->callControllerAction(Array)
#25 /var/www/vendor/laravel/lumen-framework/src/Concerns/RoutesRequests.php(269): Laravel\\Lumen\\Application->callActionOnArrayBasedRoute(Array)
#26 /var/www/vendor/laravel/lumen-framework/src/Concerns/RoutesRequests.php(239): Laravel\\Lumen\\Application->handleFoundRoute(Array)
#27 /var/www/vendor/laravel/lumen-framework/src/Concerns/RoutesRequests.php(174): Laravel\\Lumen\\Application->handleDispatcherResponse(Array)
#28 /var/www/vendor/laravel/lumen-framework/src/Routing/Pipeline.php(48): Laravel\\Lumen\\Application->{closure:Laravel\\Lumen\\Concerns\\RoutesRequests::dispatch():167}(Object(Laravel\\Lumen\\Http\\Request))
#29 /var/www/app/Http/Middleware/RequestIdMiddleware.php(29): Laravel\\Lumen\\Routing\\Pipeline->{closure:Laravel\\Lumen\\Routing\\Pipeline::prepareDestination():46}(Object(Laravel\\Lumen\\Http\\Request))
#30 /var/www/vendor/illuminate/pipeline/Pipeline.php(183): App\\Http\\Middleware\\RequestIdMiddleware->handle(Object(Laravel\\Lumen\\Http\\Request), Object(Closure))
#31 /var/www/vendor/laravel/lumen-framework/src/Routing/Pipeline.php(30): Illuminate\\Pipeline\\Pipeline->{closure:{closure:Illuminate\\Pipeline\\Pipeline::carry():158}:159}(Object(Laravel\\Lumen\\Http\\Request))
#32 /var/www/vendor/illuminate/pipeline/Pipeline.php(119): Laravel\\Lumen\\Routing\\Pipeline->{closure:{closure:Laravel\\Lumen\\Routing\\Pipeline::carry():25}:26}(Object(Laravel\\Lumen\\Http\\Request))
#33 /var/www/vendor/laravel/lumen-framework/src/Concerns/RoutesRequests.php(428): Illuminate\\Pipeline\\Pipeline->then(Object(Closure))
#34 /var/www/vendor/laravel/lumen-framework/src/Concerns/RoutesRequests.php(167): Laravel\\Lumen\\Application->sendThroughPipeline(Array, Object(Closure))
#35 /var/www/vendor/laravel/lumen-framework/src/Concerns/RoutesRequests.php(112): Laravel\\Lumen\\Application->dispatch(NULL)
#36 /var/www/public/index.php(28): Laravel\\Lumen\\Application->run()
#37 {main}
"} 
[2026-05-23 08:14:59] local.INFO: Request {"method":"GET","url":"http://counter-service:9100/api/v1/counters/user/4","ip":"172.18.0.2","user_agent":null,"request_id":"req_6a11620367b146.81897132"} 
[2026-05-23 08:15:01] local.ERROR: SQLSTATE[22P02]: Invalid text representation: 7 ERROR:  invalid input syntax for type uuid: "4"
CONTEXT:  unnamed portal parameter $1 = '...' (Connection: pgsql, SQL: select * from "user_unread_counts" where "user_id" = 4 limit 1) {"exception":"[object] (Illuminate\\Database\\QueryException(code: 22P02): SQLSTATE[22P02]: Invalid text representation: 7 ERROR:  invalid input syntax for type uuid: \"4\"
CONTEXT:  unnamed portal parameter $1 = '...' (Connection: pgsql, SQL: select * from \"user_unread_counts\" where \"user_id\" = 4 limit 1) at /var/www/vendor/illuminate/database/Connection.php:829)
[stacktrace]
#0 /var/www/vendor/illuminate/database/Connection.php(783): Illuminate\\Database\\Connection->runQueryCallback('select * from \"...', Array, Object(Closure))
#1 /var/www/vendor/illuminate/database/Connection.php(414): Illuminate\\Database\\Connection->run('select * from \"...', Array, Object(Closure))
#2 /var/www/vendor/illuminate/database/Query/Builder.php(2913): Illuminate\\Database\\Connection->select('select * from \"...', Array, true)
#3 /var/www/vendor/illuminate/database/Query/Builder.php(2902): Illuminate\\Database\\Query\\Builder->runSelect()
#4 /var/www/vendor/illuminate/database/Query/Builder.php(3456): Illuminate\\Database\\Query\\Builder->{closure:Illuminate\\Database\\Query\\Builder::get():2901}()
#5 /var/www/vendor/illuminate/database/Query/Builder.php(2901): Illuminate\\Database\\Query\\Builder->onceWithColumns(Array, Object(Closure))
#6 /var/www/vendor/illuminate/database/Eloquent/Builder.php(739): Illuminate\\Database\\Query\\Builder->get(Array)
#7 /var/www/vendor/illuminate/database/Eloquent/Builder.php(723): Illuminate\\Database\\Eloquent\\Builder->getModels(Array)
#8 /var/www/vendor/illuminate/database/Concerns/BuildsQueries.php(333): Illuminate\\Database\\Eloquent\\Builder->get(Array)
#9 /var/www/app/Http/Controllers/Api/V1/CounterController.php(88): Illuminate\\Database\\Eloquent\\Builder->first()
#10 /var/www/vendor/illuminate/cache/Repository.php(396): App\\Http\\Controllers\\Api\\V1\\CounterController->{closure:App\\Http\\Controllers\\Api\\V1\\CounterController::user():87}()
#11 /var/www/vendor/illuminate/cache/CacheManager.php(429): Illuminate\\Cache\\Repository->remember('user:4:total_un...', 60, Object(Closure))
#12 /var/www/vendor/illuminate/support/Facades/Facade.php(355): Illuminate\\Cache\\CacheManager->__call('remember', Array)
#13 /var/www/app/Http/Controllers/Api/V1/CounterController.php(87): Illuminate\\Support\\Facades\\Facade::__callStatic('remember', Array)
#14 /var/www/vendor/illuminate/container/BoundMethod.php(36): App\\Http\\Controllers\\Api\\V1\\CounterController->user(Object(Laravel\\Lumen\\Http\\Request), '4')
#15 /var/www/vendor/illuminate/container/Util.php(41): Illuminate\\Container\\BoundMethod::{closure:Illuminate\\Container\\BoundMethod::call():35}()
#16 /var/www/vendor/illuminate/container/BoundMethod.php(93): Illuminate\\Container\\Util::unwrapIfClosure(Object(Closure))
#17 /var/www/vendor/illuminate/container/BoundMethod.php(35): Illuminate\\Container\\BoundMethod::callBoundMethod(Object(Laravel\\Lumen\\Application), Array, Object(Closure))
#18 /var/www/vendor/illuminate/container/Container.php(662): Illuminate\\Container\\BoundMethod::call(Object(Laravel\\Lumen\\Application), Array, Array, NULL)
#19 /var/www/vendor/laravel/lumen-framework/src/Concerns/RoutesRequests.php(391): Illuminate\\Container\\Container->call(Array, Array)
#20 /var/www/vendor/laravel/lumen-framework/src/Concerns/RoutesRequests.php(356): Laravel\\Lumen\\Application->callControllerCallable(Array, Array)
#21 /var/www/vendor/laravel/lumen-framework/src/Concerns/RoutesRequests.php(331): Laravel\\Lumen\\Application->callLumenController(Object(App\\Http\\Controllers\\Api\\V1\\CounterController), 'user', Array)
#22 /var/www/vendor/laravel/lumen-framework/src/Concerns/RoutesRequests.php(284): Laravel\\Lumen\\Application->callControllerAction(Array)
#23 /var/www/vendor/laravel/lumen-framework/src/Concerns/RoutesRequests.php(269): Laravel\\Lumen\\Application->callActionOnArrayBasedRoute(Array)
#24 /var/www/vendor/laravel/lumen-framework/src/Concerns/RoutesRequests.php(239): Laravel\\Lumen\\Application->handleFoundRoute(Array)
#25 /var/www/vendor/laravel/lumen-framework/src/Concerns/RoutesRequests.php(174): Laravel\\Lumen\\Application->handleDispatcherResponse(Array)
#26 /var/www/vendor/laravel/lumen-framework/src/Routing/Pipeline.php(48): Laravel\\Lumen\\Application->{closure:Laravel\\Lumen\\Concerns\\RoutesRequests::dispatch():167}(Object(Laravel\\Lumen\\Http\\Request))
#27 /var/www/app/Http/Middleware/RequestIdMiddleware.php(29): Laravel\\Lumen\\Routing\\Pipeline->{closure:Laravel\\Lumen\\Routing\\Pipeline::prepareDestination():46}(Object(Laravel\\Lumen\\Http\\Request))
#28 /var/www/vendor/illuminate/pipeline/Pipeline.php(183): App\\Http\\Middleware\\RequestIdMiddleware->handle(Object(Laravel\\Lumen\\Http\\Request), Object(Closure))
#29 /var/www/vendor/laravel/lumen-framework/src/Routing/Pipeline.php(30): Illuminate\\Pipeline\\Pipeline->{closure:{closure:Illuminate\\Pipeline\\Pipeline::carry():158}:159}(Object(Laravel\\Lumen\\Http\\Request))
#30 /var/www/vendor/illuminate/pipeline/Pipeline.php(119): Laravel\\Lumen\\Routing\\Pipeline->{closure:{closure:Laravel\\Lumen\\Routing\\Pipeline::carry():25}:26}(Object(Laravel\\Lumen\\Http\\Request))
#31 /var/www/vendor/laravel/lumen-framework/src/Concerns/RoutesRequests.php(428): Illuminate\\Pipeline\\Pipeline->then(Object(Closure))
#32 /var/www/vendor/laravel/lumen-framework/src/Concerns/RoutesRequests.php(167): Laravel\\Lumen\\Application->sendThroughPipeline(Array, Object(Closure))
#33 /var/www/vendor/laravel/lumen-framework/src/Concerns/RoutesRequests.php(112): Laravel\\Lumen\\Application->dispatch(NULL)
#34 /var/www/public/index.php(28): Laravel\\Lumen\\Application->run()
#35 {main}

[previous exception] [object] (PDOException(code: 22P02): SQLSTATE[22P02]: Invalid text representation: 7 ERROR:  invalid input syntax for type uuid: \"4\"
CONTEXT:  unnamed portal parameter $1 = '...' at /var/www/vendor/illuminate/database/Connection.php:428)
[stacktrace]
#0 /var/www/vendor/illuminate/database/Connection.php(428): PDOStatement->execute()
#1 /var/www/vendor/illuminate/database/Connection.php(816): Illuminate\\Database\\Connection->{closure:Illuminate\\Database\\Connection::select():414}('select * from \"...', Array)
#2 /var/www/vendor/illuminate/database/Connection.php(783): Illuminate\\Database\\Connection->runQueryCallback('select * from \"...', Array, Object(Closure))
#3 /var/www/vendor/illuminate/database/Connection.php(414): Illuminate\\Database\\Connection->run('select * from \"...', Array, Object(Closure))
#4 /var/www/vendor/illuminate/database/Query/Builder.php(2913): Illuminate\\Database\\Connection->select('select * from \"...', Array, true)
#5 /var/www/vendor/illuminate/database/Query/Builder.php(2902): Illuminate\\Database\\Query\\Builder->runSelect()
#6 /var/www/vendor/illuminate/database/Query/Builder.php(3456): Illuminate\\Database\\Query\\Builder->{closure:Illuminate\\Database\\Query\\Builder::get():2901}()
#7 /var/www/vendor/illuminate/database/Query/Builder.php(2901): Illuminate\\Database\\Query\\Builder->onceWithColumns(Array, Object(Closure))
#8 /var/www/vendor/illuminate/database/Eloquent/Builder.php(739): Illuminate\\Database\\Query\\Builder->get(Array)
#9 /var/www/vendor/illuminate/database/Eloquent/Builder.php(723): Illuminate\\Database\\Eloquent\\Builder->getModels(Array)
#10 /var/www/vendor/illuminate/database/Concerns/BuildsQueries.php(333): Illuminate\\Database\\Eloquent\\Builder->get(Array)
#11 /var/www/app/Http/Controllers/Api/V1/CounterController.php(88): Illuminate\\Database\\Eloquent\\Builder->first()
#12 /var/www/vendor/illuminate/cache/Repository.php(396): App\\Http\\Controllers\\Api\\V1\\CounterController->{closure:App\\Http\\Controllers\\Api\\V1\\CounterController::user():87}()
#13 /var/www/vendor/illuminate/cache/CacheManager.php(429): Illuminate\\Cache\\Repository->remember('user:4:total_un...', 60, Object(Closure))
#14 /var/www/vendor/illuminate/support/Facades/Facade.php(355): Illuminate\\Cache\\CacheManager->__call('remember', Array)
#15 /var/www/app/Http/Controllers/Api/V1/CounterController.php(87): Illuminate\\Support\\Facades\\Facade::__callStatic('remember', Array)
#16 /var/www/vendor/illuminate/container/BoundMethod.php(36): App\\Http\\Controllers\\Api\\V1\\CounterController->user(Object(Laravel\\Lumen\\Http\\Request), '4')
#17 /var/www/vendor/illuminate/container/Util.php(41): Illuminate\\Container\\BoundMethod::{closure:Illuminate\\Container\\BoundMethod::call():35}()
#18 /var/www/vendor/illuminate/container/BoundMethod.php(93): Illuminate\\Container\\Util::unwrapIfClosure(Object(Closure))
#19 /var/www/vendor/illuminate/container/BoundMethod.php(35): Illuminate\\Container\\BoundMethod::callBoundMethod(Object(Laravel\\Lumen\\Application), Array, Object(Closure))
#20 /var/www/vendor/illuminate/container/Container.php(662): Illuminate\\Container\\BoundMethod::call(Object(Laravel\\Lumen\\Application), Array, Array, NULL)
#21 /var/www/vendor/laravel/lumen-framework/src/Concerns/RoutesRequests.php(391): Illuminate\\Container\\Container->call(Array, Array)
#22 /var/www/vendor/laravel/lumen-framework/src/Concerns/RoutesRequests.php(356): Laravel\\Lumen\\Application->callControllerCallable(Array, Array)
#23 /var/www/vendor/laravel/lumen-framework/src/Concerns/RoutesRequests.php(331): Laravel\\Lumen\\Application->callLumenController(Object(App\\Http\\Controllers\\Api\\V1\\CounterController), 'user', Array)
#24 /var/www/vendor/laravel/lumen-framework/src/Concerns/RoutesRequests.php(284): Laravel\\Lumen\\Application->callControllerAction(Array)
#25 /var/www/vendor/laravel/lumen-framework/src/Concerns/RoutesRequests.php(269): Laravel\\Lumen\\Application->callActionOnArrayBasedRoute(Array)
#26 /var/www/vendor/laravel/lumen-framework/src/Concerns/RoutesRequests.php(239): Laravel\\Lumen\\Application->handleFoundRoute(Array)
#27 /var/www/vendor/laravel/lumen-framework/src/Concerns/RoutesRequests.php(174): Laravel\\Lumen\\Application->handleDispatcherResponse(Array)
#28 /var/www/vendor/laravel/lumen-framework/src/Routing/Pipeline.php(48): Laravel\\Lumen\\Application->{closure:Laravel\\Lumen\\Concerns\\RoutesRequests::dispatch():167}(Object(Laravel\\Lumen\\Http\\Request))
#29 /var/www/app/Http/Middleware/RequestIdMiddleware.php(29): Laravel\\Lumen\\Routing\\Pipeline->{closure:Laravel\\Lumen\\Routing\\Pipeline::prepareDestination():46}(Object(Laravel\\Lumen\\Http\\Request))
#30 /var/www/vendor/illuminate/pipeline/Pipeline.php(183): App\\Http\\Middleware\\RequestIdMiddleware->handle(Object(Laravel\\Lumen\\Http\\Request), Object(Closure))
#31 /var/www/vendor/laravel/lumen-framework/src/Routing/Pipeline.php(30): Illuminate\\Pipeline\\Pipeline->{closure:{closure:Illuminate\\Pipeline\\Pipeline::carry():158}:159}(Object(Laravel\\Lumen\\Http\\Request))
#32 /var/www/vendor/illuminate/pipeline/Pipeline.php(119): Laravel\\Lumen\\Routing\\Pipeline->{closure:{closure:Laravel\\Lumen\\Routing\\Pipeline::carry():25}:26}(Object(Laravel\\Lumen\\Http\\Request))
#33 /var/www/vendor/laravel/lumen-framework/src/Concerns/RoutesRequests.php(428): Illuminate\\Pipeline\\Pipeline->then(Object(Closure))
#34 /var/www/vendor/laravel/lumen-framework/src/Concerns/RoutesRequests.php(167): Laravel\\Lumen\\Application->sendThroughPipeline(Array, Object(Closure))
#35 /var/www/vendor/laravel/lumen-framework/src/Concerns/RoutesRequests.php(112): Laravel\\Lumen\\Application->dispatch(NULL)
#36 /var/www/public/index.php(28): Laravel\\Lumen\\Application->run()
#37 {main}
"} 
[2026-05-23 08:15:01] local.INFO: Request {"method":"GET","url":"http://counter-service:9100/api/v1/counters/user/4","ip":"172.18.0.2","user_agent":null,"request_id":"req_6a11620508f517.28958470"} 
[2026-05-23 08:15:03] local.ERROR: SQLSTATE[22P02]: Invalid text representation: 7 ERROR:  invalid input syntax for type uuid: "4"
CONTEXT:  unnamed portal parameter $1 = '...' (Connection: pgsql, SQL: select * from "user_unread_counts" where "user_id" = 4 limit 1) {"exception":"[object] (Illuminate\\Database\\QueryException(code: 22P02): SQLSTATE[22P02]: Invalid text representation: 7 ERROR:  invalid input syntax for type uuid: \"4\"
CONTEXT:  unnamed portal parameter $1 = '...' (Connection: pgsql, SQL: select * from \"user_unread_counts\" where \"user_id\" = 4 limit 1) at /var/www/vendor/illuminate/database/Connection.php:829)
[stacktrace]
#0 /var/www/vendor/illuminate/database/Connection.php(783): Illuminate\\Database\\Connection->runQueryCallback('select * from \"...', Array, Object(Closure))
#1 /var/www/vendor/illuminate/database/Connection.php(414): Illuminate\\Database\\Connection->run('select * from \"...', Array, Object(Closure))
#2 /var/www/vendor/illuminate/database/Query/Builder.php(2913): Illuminate\\Database\\Connection->select('select * from \"...', Array, true)
#3 /var/www/vendor/illuminate/database/Query/Builder.php(2902): Illuminate\\Database\\Query\\Builder->runSelect()
#4 /var/www/vendor/illuminate/database/Query/Builder.php(3456): Illuminate\\Database\\Query\\Builder->{closure:Illuminate\\Database\\Query\\Builder::get():2901}()
#5 /var/www/vendor/illuminate/database/Query/Builder.php(2901): Illuminate\\Database\\Query\\Builder->onceWithColumns(Array, Object(Closure))
#6 /var/www/vendor/illuminate/database/Eloquent/Builder.php(739): Illuminate\\Database\\Query\\Builder->get(Array)
#7 /var/www/vendor/illuminate/database/Eloquent/Builder.php(723): Illuminate\\Database\\Eloquent\\Builder->getModels(Array)
#8 /var/www/vendor/illuminate/database/Concerns/BuildsQueries.php(333): Illuminate\\Database\\Eloquent\\Builder->get(Array)
#9 /var/www/app/Http/Controllers/Api/V1/CounterController.php(88): Illuminate\\Database\\Eloquent\\Builder->first()
#10 /var/www/vendor/illuminate/cache/Repository.php(396): App\\Http\\Controllers\\Api\\V1\\CounterController->{closure:App\\Http\\Controllers\\Api\\V1\\CounterController::user():87}()
#11 /var/www/vendor/illuminate/cache/CacheManager.php(429): Illuminate\\Cache\\Repository->remember('user:4:total_un...', 60, Object(Closure))
#12 /var/www/vendor/illuminate/support/Facades/Facade.php(355): Illuminate\\Cache\\CacheManager->__call('remember', Array)
#13 /var/www/app/Http/Controllers/Api/V1/CounterController.php(87): Illuminate\\Support\\Facades\\Facade::__callStatic('remember', Array)
#14 /var/www/vendor/illuminate/container/BoundMethod.php(36): App\\Http\\Controllers\\Api\\V1\\CounterController->user(Object(Laravel\\Lumen\\Http\\Request), '4')
#15 /var/www/vendor/illuminate/container/Util.php(41): Illuminate\\Container\\BoundMethod::{closure:Illuminate\\Container\\BoundMethod::call():35}()
#16 /var/www/vendor/illuminate/container/BoundMethod.php(93): Illuminate\\Container\\Util::unwrapIfClosure(Object(Closure))
#17 /var/www/vendor/illuminate/container/BoundMethod.php(35): Illuminate\\Container\\BoundMethod::callBoundMethod(Object(Laravel\\Lumen\\Application), Array, Object(Closure))
#18 /var/www/vendor/illuminate/container/Container.php(662): Illuminate\\Container\\BoundMethod::call(Object(Laravel\\Lumen\\Application), Array, Array, NULL)
#19 /var/www/vendor/laravel/lumen-framework/src/Concerns/RoutesRequests.php(391): Illuminate\\Container\\Container->call(Array, Array)
#20 /var/www/vendor/laravel/lumen-framework/src/Concerns/RoutesRequests.php(356): Laravel\\Lumen\\Application->callControllerCallable(Array, Array)
#21 /var/www/vendor/laravel/lumen-framework/src/Concerns/RoutesRequests.php(331): Laravel\\Lumen\\Application->callLumenController(Object(App\\Http\\Controllers\\Api\\V1\\CounterController), 'user', Array)
#22 /var/www/vendor/laravel/lumen-framework/src/Concerns/RoutesRequests.php(284): Laravel\\Lumen\\Application->callControllerAction(Array)
#23 /var/www/vendor/laravel/lumen-framework/src/Concerns/RoutesRequests.php(269): Laravel\\Lumen\\Application->callActionOnArrayBasedRoute(Array)
#24 /var/www/vendor/laravel/lumen-framework/src/Concerns/RoutesRequests.php(239): Laravel\\Lumen\\Application->handleFoundRoute(Array)
#25 /var/www/vendor/laravel/lumen-framework/src/Concerns/RoutesRequests.php(174): Laravel\\Lumen\\Application->handleDispatcherResponse(Array)
#26 /var/www/vendor/laravel/lumen-framework/src/Routing/Pipeline.php(48): Laravel\\Lumen\\Application->{closure:Laravel\\Lumen\\Concerns\\RoutesRequests::dispatch():167}(Object(Laravel\\Lumen\\Http\\Request))
#27 /var/www/app/Http/Middleware/RequestIdMiddleware.php(29): Laravel\\Lumen\\Routing\\Pipeline->{closure:Laravel\\Lumen\\Routing\\Pipeline::prepareDestination():46}(Object(Laravel\\Lumen\\Http\\Request))
#28 /var/www/vendor/illuminate/pipeline/Pipeline.php(183): App\\Http\\Middleware\\RequestIdMiddleware->handle(Object(Laravel\\Lumen\\Http\\Request), Object(Closure))
#29 /var/www/vendor/laravel/lumen-framework/src/Routing/Pipeline.php(30): Illuminate\\Pipeline\\Pipeline->{closure:{closure:Illuminate\\Pipeline\\Pipeline::carry():158}:159}(Object(Laravel\\Lumen\\Http\\Request))
#30 /var/www/vendor/illuminate/pipeline/Pipeline.php(119): Laravel\\Lumen\\Routing\\Pipeline->{closure:{closure:Laravel\\Lumen\\Routing\\Pipeline::carry():25}:26}(Object(Laravel\\Lumen\\Http\\Request))
#31 /var/www/vendor/laravel/lumen-framework/src/Concerns/RoutesRequests.php(428): Illuminate\\Pipeline\\Pipeline->then(Object(Closure))
#32 /var/www/vendor/laravel/lumen-framework/src/Concerns/RoutesRequests.php(167): Laravel\\Lumen\\Application->sendThroughPipeline(Array, Object(Closure))
#33 /var/www/vendor/laravel/lumen-framework/src/Concerns/RoutesRequests.php(112): Laravel\\Lumen\\Application->dispatch(NULL)
#34 /var/www/public/index.php(28): Laravel\\Lumen\\Application->run()
#35 {main}

[previous exception] [object] (PDOException(code: 22P02): SQLSTATE[22P02]: Invalid text representation: 7 ERROR:  invalid input syntax for type uuid: \"4\"
CONTEXT:  unnamed portal parameter $1 = '...' at /var/www/vendor/illuminate/database/Connection.php:428)
[stacktrace]
#0 /var/www/vendor/illuminate/database/Connection.php(428): PDOStatement->execute()
#1 /var/www/vendor/illuminate/database/Connection.php(816): Illuminate\\Database\\Connection->{closure:Illuminate\\Database\\Connection::select():414}('select * from \"...', Array)
#2 /var/www/vendor/illuminate/database/Connection.php(783): Illuminate\\Database\\Connection->runQueryCallback('select * from \"...', Array, Object(Closure))
#3 /var/www/vendor/illuminate/database/Connection.php(414): Illuminate\\Database\\Connection->run('select * from \"...', Array, Object(Closure))
#4 /var/www/vendor/illuminate/database/Query/Builder.php(2913): Illuminate\\Database\\Connection->select('select * from \"...', Array, true)
#5 /var/www/vendor/illuminate/database/Query/Builder.php(2902): Illuminate\\Database\\Query\\Builder->runSelect()
#6 /var/www/vendor/illuminate/database/Query/Builder.php(3456): Illuminate\\Database\\Query\\Builder->{closure:Illuminate\\Database\\Query\\Builder::get():2901}()
#7 /var/www/vendor/illuminate/database/Query/Builder.php(2901): Illuminate\\Database\\Query\\Builder->onceWithColumns(Array, Object(Closure))
#8 /var/www/vendor/illuminate/database/Eloquent/Builder.php(739): Illuminate\\Database\\Query\\Builder->get(Array)
#9 /var/www/vendor/illuminate/database/Eloquent/Builder.php(723): Illuminate\\Database\\Eloquent\\Builder->getModels(Array)
#10 /var/www/vendor/illuminate/database/Concerns/BuildsQueries.php(333): Illuminate\\Database\\Eloquent\\Builder->get(Array)
#11 /var/www/app/Http/Controllers/Api/V1/CounterController.php(88): Illuminate\\Database\\Eloquent\\Builder->first()
#12 /var/www/vendor/illuminate/cache/Repository.php(396): App\\Http\\Controllers\\Api\\V1\\CounterController->{closure:App\\Http\\Controllers\\Api\\V1\\CounterController::user():87}()
#13 /var/www/vendor/illuminate/cache/CacheManager.php(429): Illuminate\\Cache\\Repository->remember('user:4:total_un...', 60, Object(Closure))
#14 /var/www/vendor/illuminate/support/Facades/Facade.php(355): Illuminate\\Cache\\CacheManager->__call('remember', Array)
#15 /var/www/app/Http/Controllers/Api/V1/CounterController.php(87): Illuminate\\Support\\Facades\\Facade::__callStatic('remember', Array)
#16 /var/www/vendor/illuminate/container/BoundMethod.php(36): App\\Http\\Controllers\\Api\\V1\\CounterController->user(Object(Laravel\\Lumen\\Http\\Request), '4')
#17 /var/www/vendor/illuminate/container/Util.php(41): Illuminate\\Container\\BoundMethod::{closure:Illuminate\\Container\\BoundMethod::call():35}()
#18 /var/www/vendor/illuminate/container/BoundMethod.php(93): Illuminate\\Container\\Util::unwrapIfClosure(Object(Closure))
#19 /var/www/vendor/illuminate/container/BoundMethod.php(35): Illuminate\\Container\\BoundMethod::callBoundMethod(Object(Laravel\\Lumen\\Application), Array, Object(Closure))
#20 /var/www/vendor/illuminate/container/Container.php(662): Illuminate\\Container\\BoundMethod::call(Object(Laravel\\Lumen\\Application), Array, Array, NULL)
#21 /var/www/vendor/laravel/lumen-framework/src/Concerns/RoutesRequests.php(391): Illuminate\\Container\\Container->call(Array, Array)
#22 /var/www/vendor/laravel/lumen-framework/src/Concerns/RoutesRequests.php(356): Laravel\\Lumen\\Application->callControllerCallable(Array, Array)
#23 /var/www/vendor/laravel/lumen-framework/src/Concerns/RoutesRequests.php(331): Laravel\\Lumen\\Application->callLumenController(Object(App\\Http\\Controllers\\Api\\V1\\CounterController), 'user', Array)
#24 /var/www/vendor/laravel/lumen-framework/src/Concerns/RoutesRequests.php(284): Laravel\\Lumen\\Application->callControllerAction(Array)
#25 /var/www/vendor/laravel/lumen-framework/src/Concerns/RoutesRequests.php(269): Laravel\\Lumen\\Application->callActionOnArrayBasedRoute(Array)
#26 /var/www/vendor/laravel/lumen-framework/src/Concerns/RoutesRequests.php(239): Laravel\\Lumen\\Application->handleFoundRoute(Array)
#27 /var/www/vendor/laravel/lumen-framework/src/Concerns/RoutesRequests.php(174): Laravel\\Lumen\\Application->handleDispatcherResponse(Array)
#28 /var/www/vendor/laravel/lumen-framework/src/Routing/Pipeline.php(48): Laravel\\Lumen\\Application->{closure:Laravel\\Lumen\\Concerns\\RoutesRequests::dispatch():167}(Object(Laravel\\Lumen\\Http\\Request))
#29 /var/www/app/Http/Middleware/RequestIdMiddleware.php(29): Laravel\\Lumen\\Routing\\Pipeline->{closure:Laravel\\Lumen\\Routing\\Pipeline::prepareDestination():46}(Object(Laravel\\Lumen\\Http\\Request))
#30 /var/www/vendor/illuminate/pipeline/Pipeline.php(183): App\\Http\\Middleware\\RequestIdMiddleware->handle(Object(Laravel\\Lumen\\Http\\Request), Object(Closure))
#31 /var/www/vendor/laravel/lumen-framework/src/Routing/Pipeline.php(30): Illuminate\\Pipeline\\Pipeline->{closure:{closure:Illuminate\\Pipeline\\Pipeline::carry():158}:159}(Object(Laravel\\Lumen\\Http\\Request))
#32 /var/www/vendor/illuminate/pipeline/Pipeline.php(119): Laravel\\Lumen\\Routing\\Pipeline->{closure:{closure:Laravel\\Lumen\\Routing\\Pipeline::carry():25}:26}(Object(Laravel\\Lumen\\Http\\Request))
#33 /var/www/vendor/laravel/lumen-framework/src/Concerns/RoutesRequests.php(428): Illuminate\\Pipeline\\Pipeline->then(Object(Closure))
#34 /var/www/vendor/laravel/lumen-framework/src/Concerns/RoutesRequests.php(167): Laravel\\Lumen\\Application->sendThroughPipeline(Array, Object(Closure))
#35 /var/www/vendor/laravel/lumen-framework/src/Concerns/RoutesRequests.php(112): Laravel\\Lumen\\Application->dispatch(NULL)
#36 /var/www/public/index.php(28): Laravel\\Lumen\\Application->run()
#37 {main}
"} 
[2026-05-23 08:15:03] local.INFO: Request {"method":"GET","url":"http://counter-service:9100/api/v1/counters/user/4","ip":"172.18.0.2","user_agent":null,"request_id":"req_6a116207b16308.55951352"} 
[2026-05-23 08:16:57] local.WARNING: Invalid message.sent event {"type":"message.sent","timestamp":1779524217,"data":{"dialog_id":1,"author_user_id":5,"recipient_user_id":4,"message_id":13}} 
[2026-05-23 08:16:58] local.WARNING: Invalid message.sent event {"type":"message.sent","timestamp":1779524218,"data":{"dialog_id":1,"author_user_id":5,"recipient_user_id":4,"message_id":14}} 
[2026-05-23 08:16:59] local.WARNING: Invalid message.sent event {"type":"message.sent","timestamp":1779524219,"data":{"dialog_id":1,"author_user_id":5,"recipient_user_id":4,"message_id":15}} 
[2026-05-23 08:17:00] local.ERROR: SQLSTATE[22P02]: Invalid text representation: 7 ERROR:  invalid input syntax for type uuid: "4"
CONTEXT:  unnamed portal parameter $1 = '...' (Connection: pgsql, SQL: select * from "user_unread_counts" where "user_id" = 4 limit 1) {"exception":"[object] (Illuminate\\Database\\QueryException(code: 22P02): SQLSTATE[22P02]: Invalid text representation: 7 ERROR:  invalid input syntax for type uuid: \"4\"
CONTEXT:  unnamed portal parameter $1 = '...' (Connection: pgsql, SQL: select * from \"user_unread_counts\" where \"user_id\" = 4 limit 1) at /var/www/vendor/illuminate/database/Connection.php:829)
[stacktrace]
#0 /var/www/vendor/illuminate/database/Connection.php(783): Illuminate\\Database\\Connection->runQueryCallback('select * from \"...', Array, Object(Closure))
#1 /var/www/vendor/illuminate/database/Connection.php(414): Illuminate\\Database\\Connection->run('select * from \"...', Array, Object(Closure))
#2 /var/www/vendor/illuminate/database/Query/Builder.php(2913): Illuminate\\Database\\Connection->select('select * from \"...', Array, true)
#3 /var/www/vendor/illuminate/database/Query/Builder.php(2902): Illuminate\\Database\\Query\\Builder->runSelect()
#4 /var/www/vendor/illuminate/database/Query/Builder.php(3456): Illuminate\\Database\\Query\\Builder->{closure:Illuminate\\Database\\Query\\Builder::get():2901}()
#5 /var/www/vendor/illuminate/database/Query/Builder.php(2901): Illuminate\\Database\\Query\\Builder->onceWithColumns(Array, Object(Closure))
#6 /var/www/vendor/illuminate/database/Eloquent/Builder.php(739): Illuminate\\Database\\Query\\Builder->get(Array)
#7 /var/www/vendor/illuminate/database/Eloquent/Builder.php(723): Illuminate\\Database\\Eloquent\\Builder->getModels(Array)
#8 /var/www/vendor/illuminate/database/Concerns/BuildsQueries.php(333): Illuminate\\Database\\Eloquent\\Builder->get(Array)
#9 /var/www/app/Http/Controllers/Api/V1/CounterController.php(88): Illuminate\\Database\\Eloquent\\Builder->first()
#10 /var/www/vendor/illuminate/cache/Repository.php(396): App\\Http\\Controllers\\Api\\V1\\CounterController->{closure:App\\Http\\Controllers\\Api\\V1\\CounterController::user():87}()
#11 /var/www/vendor/illuminate/cache/CacheManager.php(429): Illuminate\\Cache\\Repository->remember('user:4:total_un...', 60, Object(Closure))
#12 /var/www/vendor/illuminate/support/Facades/Facade.php(355): Illuminate\\Cache\\CacheManager->__call('remember', Array)
#13 /var/www/app/Http/Controllers/Api/V1/CounterController.php(87): Illuminate\\Support\\Facades\\Facade::__callStatic('remember', Array)
#14 /var/www/vendor/illuminate/container/BoundMethod.php(36): App\\Http\\Controllers\\Api\\V1\\CounterController->user(Object(Laravel\\Lumen\\Http\\Request), '4')
#15 /var/www/vendor/illuminate/container/Util.php(41): Illuminate\\Container\\BoundMethod::{closure:Illuminate\\Container\\BoundMethod::call():35}()
#16 /var/www/vendor/illuminate/container/BoundMethod.php(93): Illuminate\\Container\\Util::unwrapIfClosure(Object(Closure))
#17 /var/www/vendor/illuminate/container/BoundMethod.php(35): Illuminate\\Container\\BoundMethod::callBoundMethod(Object(Laravel\\Lumen\\Application), Array, Object(Closure))
#18 /var/www/vendor/illuminate/container/Container.php(662): Illuminate\\Container\\BoundMethod::call(Object(Laravel\\Lumen\\Application), Array, Array, NULL)
#19 /var/www/vendor/laravel/lumen-framework/src/Concerns/RoutesRequests.php(391): Illuminate\\Container\\Container->call(Array, Array)
#20 /var/www/vendor/laravel/lumen-framework/src/Concerns/RoutesRequests.php(356): Laravel\\Lumen\\Application->callControllerCallable(Array, Array)
#21 /var/www/vendor/laravel/lumen-framework/src/Concerns/RoutesRequests.php(331): Laravel\\Lumen\\Application->callLumenController(Object(App\\Http\\Controllers\\Api\\V1\\CounterController), 'user', Array)
#22 /var/www/vendor/laravel/lumen-framework/src/Concerns/RoutesRequests.php(284): Laravel\\Lumen\\Application->callControllerAction(Array)
#23 /var/www/vendor/laravel/lumen-framework/src/Concerns/RoutesRequests.php(269): Laravel\\Lumen\\Application->callActionOnArrayBasedRoute(Array)
#24 /var/www/vendor/laravel/lumen-framework/src/Concerns/RoutesRequests.php(239): Laravel\\Lumen\\Application->handleFoundRoute(Array)
#25 /var/www/vendor/laravel/lumen-framework/src/Concerns/RoutesRequests.php(174): Laravel\\Lumen\\Application->handleDispatcherResponse(Array)
#26 /var/www/vendor/laravel/lumen-framework/src/Routing/Pipeline.php(48): Laravel\\Lumen\\Application->{closure:Laravel\\Lumen\\Concerns\\RoutesRequests::dispatch():167}(Object(Laravel\\Lumen\\Http\\Request))
#27 /var/www/app/Http/Middleware/RequestIdMiddleware.php(29): Laravel\\Lumen\\Routing\\Pipeline->{closure:Laravel\\Lumen\\Routing\\Pipeline::prepareDestination():46}(Object(Laravel\\Lumen\\Http\\Request))
#28 /var/www/vendor/illuminate/pipeline/Pipeline.php(183): App\\Http\\Middleware\\RequestIdMiddleware->handle(Object(Laravel\\Lumen\\Http\\Request), Object(Closure))
#29 /var/www/vendor/laravel/lumen-framework/src/Routing/Pipeline.php(30): Illuminate\\Pipeline\\Pipeline->{closure:{closure:Illuminate\\Pipeline\\Pipeline::carry():158}:159}(Object(Laravel\\Lumen\\Http\\Request))
#30 /var/www/vendor/illuminate/pipeline/Pipeline.php(119): Laravel\\Lumen\\Routing\\Pipeline->{closure:{closure:Laravel\\Lumen\\Routing\\Pipeline::carry():25}:26}(Object(Laravel\\Lumen\\Http\\Request))
#31 /var/www/vendor/laravel/lumen-framework/src/Concerns/RoutesRequests.php(428): Illuminate\\Pipeline\\Pipeline->then(Object(Closure))
#32 /var/www/vendor/laravel/lumen-framework/src/Concerns/RoutesRequests.php(167): Laravel\\Lumen\\Application->sendThroughPipeline(Array, Object(Closure))
#33 /var/www/vendor/laravel/lumen-framework/src/Concerns/RoutesRequests.php(112): Laravel\\Lumen\\Application->dispatch(NULL)
#34 /var/www/public/index.php(28): Laravel\\Lumen\\Application->run()
#35 {main}

[previous exception] [object] (PDOException(code: 22P02): SQLSTATE[22P02]: Invalid text representation: 7 ERROR:  invalid input syntax for type uuid: \"4\"
CONTEXT:  unnamed portal parameter $1 = '...' at /var/www/vendor/illuminate/database/Connection.php:428)
[stacktrace]
#0 /var/www/vendor/illuminate/database/Connection.php(428): PDOStatement->execute()
#1 /var/www/vendor/illuminate/database/Connection.php(816): Illuminate\\Database\\Connection->{closure:Illuminate\\Database\\Connection::select():414}('select * from \"...', Array)
#2 /var/www/vendor/illuminate/database/Connection.php(783): Illuminate\\Database\\Connection->runQueryCallback('select * from \"...', Array, Object(Closure))
#3 /var/www/vendor/illuminate/database/Connection.php(414): Illuminate\\Database\\Connection->run('select * from \"...', Array, Object(Closure))
#4 /var/www/vendor/illuminate/database/Query/Builder.php(2913): Illuminate\\Database\\Connection->select('select * from \"...', Array, true)
#5 /var/www/vendor/illuminate/database/Query/Builder.php(2902): Illuminate\\Database\\Query\\Builder->runSelect()
#6 /var/www/vendor/illuminate/database/Query/Builder.php(3456): Illuminate\\Database\\Query\\Builder->{closure:Illuminate\\Database\\Query\\Builder::get():2901}()
#7 /var/www/vendor/illuminate/database/Query/Builder.php(2901): Illuminate\\Database\\Query\\Builder->onceWithColumns(Array, Object(Closure))
#8 /var/www/vendor/illuminate/database/Eloquent/Builder.php(739): Illuminate\\Database\\Query\\Builder->get(Array)
#9 /var/www/vendor/illuminate/database/Eloquent/Builder.php(723): Illuminate\\Database\\Eloquent\\Builder->getModels(Array)
#10 /var/www/vendor/illuminate/database/Concerns/BuildsQueries.php(333): Illuminate\\Database\\Eloquent\\Builder->get(Array)
#11 /var/www/app/Http/Controllers/Api/V1/CounterController.php(88): Illuminate\\Database\\Eloquent\\Builder->first()
#12 /var/www/vendor/illuminate/cache/Repository.php(396): App\\Http\\Controllers\\Api\\V1\\CounterController->{closure:App\\Http\\Controllers\\Api\\V1\\CounterController::user():87}()
#13 /var/www/vendor/illuminate/cache/CacheManager.php(429): Illuminate\\Cache\\Repository->remember('user:4:total_un...', 60, Object(Closure))
#14 /var/www/vendor/illuminate/support/Facades/Facade.php(355): Illuminate\\Cache\\CacheManager->__call('remember', Array)
#15 /var/www/app/Http/Controllers/Api/V1/CounterController.php(87): Illuminate\\Support\\Facades\\Facade::__callStatic('remember', Array)
#16 /var/www/vendor/illuminate/container/BoundMethod.php(36): App\\Http\\Controllers\\Api\\V1\\CounterController->user(Object(Laravel\\Lumen\\Http\\Request), '4')
#17 /var/www/vendor/illuminate/container/Util.php(41): Illuminate\\Container\\BoundMethod::{closure:Illuminate\\Container\\BoundMethod::call():35}()
#18 /var/www/vendor/illuminate/container/BoundMethod.php(93): Illuminate\\Container\\Util::unwrapIfClosure(Object(Closure))
#19 /var/www/vendor/illuminate/container/BoundMethod.php(35): Illuminate\\Container\\BoundMethod::callBoundMethod(Object(Laravel\\Lumen\\Application), Array, Object(Closure))
#20 /var/www/vendor/illuminate/container/Container.php(662): Illuminate\\Container\\BoundMethod::call(Object(Laravel\\Lumen\\Application), Array, Array, NULL)
#21 /var/www/vendor/laravel/lumen-framework/src/Concerns/RoutesRequests.php(391): Illuminate\\Container\\Container->call(Array, Array)
#22 /var/www/vendor/laravel/lumen-framework/src/Concerns/RoutesRequests.php(356): Laravel\\Lumen\\Application->callControllerCallable(Array, Array)
#23 /var/www/vendor/laravel/lumen-framework/src/Concerns/RoutesRequests.php(331): Laravel\\Lumen\\Application->callLumenController(Object(App\\Http\\Controllers\\Api\\V1\\CounterController), 'user', Array)
#24 /var/www/vendor/laravel/lumen-framework/src/Concerns/RoutesRequests.php(284): Laravel\\Lumen\\Application->callControllerAction(Array)
#25 /var/www/vendor/laravel/lumen-framework/src/Concerns/RoutesRequests.php(269): Laravel\\Lumen\\Application->callActionOnArrayBasedRoute(Array)
#26 /var/www/vendor/laravel/lumen-framework/src/Concerns/RoutesRequests.php(239): Laravel\\Lumen\\Application->handleFoundRoute(Array)
#27 /var/www/vendor/laravel/lumen-framework/src/Concerns/RoutesRequests.php(174): Laravel\\Lumen\\Application->handleDispatcherResponse(Array)
#28 /var/www/vendor/laravel/lumen-framework/src/Routing/Pipeline.php(48): Laravel\\Lumen\\Application->{closure:Laravel\\Lumen\\Concerns\\RoutesRequests::dispatch():167}(Object(Laravel\\Lumen\\Http\\Request))
#29 /var/www/app/Http/Middleware/RequestIdMiddleware.php(29): Laravel\\Lumen\\Routing\\Pipeline->{closure:Laravel\\Lumen\\Routing\\Pipeline::prepareDestination():46}(Object(Laravel\\Lumen\\Http\\Request))
#30 /var/www/vendor/illuminate/pipeline/Pipeline.php(183): App\\Http\\Middleware\\RequestIdMiddleware->handle(Object(Laravel\\Lumen\\Http\\Request), Object(Closure))
#31 /var/www/vendor/laravel/lumen-framework/src/Routing/Pipeline.php(30): Illuminate\\Pipeline\\Pipeline->{closure:{closure:Illuminate\\Pipeline\\Pipeline::carry():158}:159}(Object(Laravel\\Lumen\\Http\\Request))
#32 /var/www/vendor/illuminate/pipeline/Pipeline.php(119): Laravel\\Lumen\\Routing\\Pipeline->{closure:{closure:Laravel\\Lumen\\Routing\\Pipeline::carry():25}:26}(Object(Laravel\\Lumen\\Http\\Request))
#33 /var/www/vendor/laravel/lumen-framework/src/Concerns/RoutesRequests.php(428): Illuminate\\Pipeline\\Pipeline->then(Object(Closure))
#34 /var/www/vendor/laravel/lumen-framework/src/Concerns/RoutesRequests.php(167): Laravel\\Lumen\\Application->sendThroughPipeline(Array, Object(Closure))
#35 /var/www/vendor/laravel/lumen-framework/src/Concerns/RoutesRequests.php(112): Laravel\\Lumen\\Application->dispatch(NULL)
#36 /var/www/public/index.php(28): Laravel\\Lumen\\Application->run()
#37 {main}
"} 
[2026-05-23 08:17:01] local.INFO: Request {"method":"GET","url":"http://counter-service:9100/api/v1/counters/user/4","ip":"172.18.0.2","user_agent":null,"request_id":"req_6a11627ce4d947.60639176"} 
[2026-05-23 08:17:04] local.WARNING: Invalid message.sent event {"type":"message.sent","timestamp":1779524224,"data":{"dialog_id":1,"author_user_id":5,"recipient_user_id":4,"message_id":16}} 
[2026-05-23 08:17:05] local.WARNING: Invalid message.sent event {"type":"message.sent","timestamp":1779524225,"data":{"dialog_id":1,"author_user_id":5,"recipient_user_id":4,"message_id":17}} 
[2026-05-23 08:17:05] local.WARNING: Invalid message.sent event {"type":"message.sent","timestamp":1779524225,"data":{"dialog_id":1,"author_user_id":5,"recipient_user_id":4,"message_id":18}} 
[2026-05-23 08:17:07] local.ERROR: SQLSTATE[22P02]: Invalid text representation: 7 ERROR:  invalid input syntax for type uuid: "4"
CONTEXT:  unnamed portal parameter $1 = '...' (Connection: pgsql, SQL: select * from "user_unread_counts" where "user_id" = 4 limit 1) {"exception":"[object] (Illuminate\\Database\\QueryException(code: 22P02): SQLSTATE[22P02]: Invalid text representation: 7 ERROR:  invalid input syntax for type uuid: \"4\"
CONTEXT:  unnamed portal parameter $1 = '...' (Connection: pgsql, SQL: select * from \"user_unread_counts\" where \"user_id\" = 4 limit 1) at /var/www/vendor/illuminate/database/Connection.php:829)
[stacktrace]
#0 /var/www/vendor/illuminate/database/Connection.php(783): Illuminate\\Database\\Connection->runQueryCallback('select * from \"...', Array, Object(Closure))
#1 /var/www/vendor/illuminate/database/Connection.php(414): Illuminate\\Database\\Connection->run('select * from \"...', Array, Object(Closure))
#2 /var/www/vendor/illuminate/database/Query/Builder.php(2913): Illuminate\\Database\\Connection->select('select * from \"...', Array, true)
#3 /var/www/vendor/illuminate/database/Query/Builder.php(2902): Illuminate\\Database\\Query\\Builder->runSelect()
#4 /var/www/vendor/illuminate/database/Query/Builder.php(3456): Illuminate\\Database\\Query\\Builder->{closure:Illuminate\\Database\\Query\\Builder::get():2901}()
#5 /var/www/vendor/illuminate/database/Query/Builder.php(2901): Illuminate\\Database\\Query\\Builder->onceWithColumns(Array, Object(Closure))
#6 /var/www/vendor/illuminate/database/Eloquent/Builder.php(739): Illuminate\\Database\\Query\\Builder->get(Array)
#7 /var/www/vendor/illuminate/database/Eloquent/Builder.php(723): Illuminate\\Database\\Eloquent\\Builder->getModels(Array)
#8 /var/www/vendor/illuminate/database/Concerns/BuildsQueries.php(333): Illuminate\\Database\\Eloquent\\Builder->get(Array)
#9 /var/www/app/Http/Controllers/Api/V1/CounterController.php(88): Illuminate\\Database\\Eloquent\\Builder->first()
#10 /var/www/vendor/illuminate/cache/Repository.php(396): App\\Http\\Controllers\\Api\\V1\\CounterController->{closure:App\\Http\\Controllers\\Api\\V1\\CounterController::user():87}()
#11 /var/www/vendor/illuminate/cache/CacheManager.php(429): Illuminate\\Cache\\Repository->remember('user:4:total_un...', 60, Object(Closure))
#12 /var/www/vendor/illuminate/support/Facades/Facade.php(355): Illuminate\\Cache\\CacheManager->__call('remember', Array)
#13 /var/www/app/Http/Controllers/Api/V1/CounterController.php(87): Illuminate\\Support\\Facades\\Facade::__callStatic('remember', Array)
#14 /var/www/vendor/illuminate/container/BoundMethod.php(36): App\\Http\\Controllers\\Api\\V1\\CounterController->user(Object(Laravel\\Lumen\\Http\\Request), '4')
#15 /var/www/vendor/illuminate/container/Util.php(41): Illuminate\\Container\\BoundMethod::{closure:Illuminate\\Container\\BoundMethod::call():35}()
#16 /var/www/vendor/illuminate/container/BoundMethod.php(93): Illuminate\\Container\\Util::unwrapIfClosure(Object(Closure))
#17 /var/www/vendor/illuminate/container/BoundMethod.php(35): Illuminate\\Container\\BoundMethod::callBoundMethod(Object(Laravel\\Lumen\\Application), Array, Object(Closure))
#18 /var/www/vendor/illuminate/container/Container.php(662): Illuminate\\Container\\BoundMethod::call(Object(Laravel\\Lumen\\Application), Array, Array, NULL)
#19 /var/www/vendor/laravel/lumen-framework/src/Concerns/RoutesRequests.php(391): Illuminate\\Container\\Container->call(Array, Array)
#20 /var/www/vendor/laravel/lumen-framework/src/Concerns/RoutesRequests.php(356): Laravel\\Lumen\\Application->callControllerCallable(Array, Array)
#21 /var/www/vendor/laravel/lumen-framework/src/Concerns/RoutesRequests.php(331): Laravel\\Lumen\\Application->callLumenController(Object(App\\Http\\Controllers\\Api\\V1\\CounterController), 'user', Array)
#22 /var/www/vendor/laravel/lumen-framework/src/Concerns/RoutesRequests.php(284): Laravel\\Lumen\\Application->callControllerAction(Array)
#23 /var/www/vendor/laravel/lumen-framework/src/Concerns/RoutesRequests.php(269): Laravel\\Lumen\\Application->callActionOnArrayBasedRoute(Array)
#24 /var/www/vendor/laravel/lumen-framework/src/Concerns/RoutesRequests.php(239): Laravel\\Lumen\\Application->handleFoundRoute(Array)
#25 /var/www/vendor/laravel/lumen-framework/src/Concerns/RoutesRequests.php(174): Laravel\\Lumen\\Application->handleDispatcherResponse(Array)
#26 /var/www/vendor/laravel/lumen-framework/src/Routing/Pipeline.php(48): Laravel\\Lumen\\Application->{closure:Laravel\\Lumen\\Concerns\\RoutesRequests::dispatch():167}(Object(Laravel\\Lumen\\Http\\Request))
#27 /var/www/app/Http/Middleware/RequestIdMiddleware.php(29): Laravel\\Lumen\\Routing\\Pipeline->{closure:Laravel\\Lumen\\Routing\\Pipeline::prepareDestination():46}(Object(Laravel\\Lumen\\Http\\Request))
#28 /var/www/vendor/illuminate/pipeline/Pipeline.php(183): App\\Http\\Middleware\\RequestIdMiddleware->handle(Object(Laravel\\Lumen\\Http\\Request), Object(Closure))
#29 /var/www/vendor/laravel/lumen-framework/src/Routing/Pipeline.php(30): Illuminate\\Pipeline\\Pipeline->{closure:{closure:Illuminate\\Pipeline\\Pipeline::carry():158}:159}(Object(Laravel\\Lumen\\Http\\Request))
#30 /var/www/vendor/illuminate/pipeline/Pipeline.php(119): Laravel\\Lumen\\Routing\\Pipeline->{closure:{closure:Laravel\\Lumen\\Routing\\Pipeline::carry():25}:26}(Object(Laravel\\Lumen\\Http\\Request))
#31 /var/www/vendor/laravel/lumen-framework/src/Concerns/RoutesRequests.php(428): Illuminate\\Pipeline\\Pipeline->then(Object(Closure))
#32 /var/www/vendor/laravel/lumen-framework/src/Concerns/RoutesRequests.php(167): Laravel\\Lumen\\Application->sendThroughPipeline(Array, Object(Closure))
#33 /var/www/vendor/laravel/lumen-framework/src/Concerns/RoutesRequests.php(112): Laravel\\Lumen\\Application->dispatch(NULL)
#34 /var/www/public/index.php(28): Laravel\\Lumen\\Application->run()
#35 {main}

[previous exception] [object] (PDOException(code: 22P02): SQLSTATE[22P02]: Invalid text representation: 7 ERROR:  invalid input syntax for type uuid: \"4\"
CONTEXT:  unnamed portal parameter $1 = '...' at /var/www/vendor/illuminate/database/Connection.php:428)
[stacktrace]
#0 /var/www/vendor/illuminate/database/Connection.php(428): PDOStatement->execute()
#1 /var/www/vendor/illuminate/database/Connection.php(816): Illuminate\\Database\\Connection->{closure:Illuminate\\Database\\Connection::select():414}('select * from \"...', Array)
#2 /var/www/vendor/illuminate/database/Connection.php(783): Illuminate\\Database\\Connection->runQueryCallback('select * from \"...', Array, Object(Closure))
#3 /var/www/vendor/illuminate/database/Connection.php(414): Illuminate\\Database\\Connection->run('select * from \"...', Array, Object(Closure))
#4 /var/www/vendor/illuminate/database/Query/Builder.php(2913): Illuminate\\Database\\Connection->select('select * from \"...', Array, true)
#5 /var/www/vendor/illuminate/database/Query/Builder.php(2902): Illuminate\\Database\\Query\\Builder->runSelect()
#6 /var/www/vendor/illuminate/database/Query/Builder.php(3456): Illuminate\\Database\\Query\\Builder->{closure:Illuminate\\Database\\Query\\Builder::get():2901}()
#7 /var/www/vendor/illuminate/database/Query/Builder.php(2901): Illuminate\\Database\\Query\\Builder->onceWithColumns(Array, Object(Closure))
#8 /var/www/vendor/illuminate/database/Eloquent/Builder.php(739): Illuminate\\Database\\Query\\Builder->get(Array)
#9 /var/www/vendor/illuminate/database/Eloquent/Builder.php(723): Illuminate\\Database\\Eloquent\\Builder->getModels(Array)
#10 /var/www/vendor/illuminate/database/Concerns/BuildsQueries.php(333): Illuminate\\Database\\Eloquent\\Builder->get(Array)
#11 /var/www/app/Http/Controllers/Api/V1/CounterController.php(88): Illuminate\\Database\\Eloquent\\Builder->first()
#12 /var/www/vendor/illuminate/cache/Repository.php(396): App\\Http\\Controllers\\Api\\V1\\CounterController->{closure:App\\Http\\Controllers\\Api\\V1\\CounterController::user():87}()
#13 /var/www/vendor/illuminate/cache/CacheManager.php(429): Illuminate\\Cache\\Repository->remember('user:4:total_un...', 60, Object(Closure))
#14 /var/www/vendor/illuminate/support/Facades/Facade.php(355): Illuminate\\Cache\\CacheManager->__call('remember', Array)
#15 /var/www/app/Http/Controllers/Api/V1/CounterController.php(87): Illuminate\\Support\\Facades\\Facade::__callStatic('remember', Array)
#16 /var/www/vendor/illuminate/container/BoundMethod.php(36): App\\Http\\Controllers\\Api\\V1\\CounterController->user(Object(Laravel\\Lumen\\Http\\Request), '4')
#17 /var/www/vendor/illuminate/container/Util.php(41): Illuminate\\Container\\BoundMethod::{closure:Illuminate\\Container\\BoundMethod::call():35}()
#18 /var/www/vendor/illuminate/container/BoundMethod.php(93): Illuminate\\Container\\Util::unwrapIfClosure(Object(Closure))
#19 /var/www/vendor/illuminate/container/BoundMethod.php(35): Illuminate\\Container\\BoundMethod::callBoundMethod(Object(Laravel\\Lumen\\Application), Array, Object(Closure))
#20 /var/www/vendor/illuminate/container/Container.php(662): Illuminate\\Container\\BoundMethod::call(Object(Laravel\\Lumen\\Application), Array, Array, NULL)
#21 /var/www/vendor/laravel/lumen-framework/src/Concerns/RoutesRequests.php(391): Illuminate\\Container\\Container->call(Array, Array)
#22 /var/www/vendor/laravel/lumen-framework/src/Concerns/RoutesRequests.php(356): Laravel\\Lumen\\Application->callControllerCallable(Array, Array)
#23 /var/www/vendor/laravel/lumen-framework/src/Concerns/RoutesRequests.php(331): Laravel\\Lumen\\Application->callLumenController(Object(App\\Http\\Controllers\\Api\\V1\\CounterController), 'user', Array)
#24 /var/www/vendor/laravel/lumen-framework/src/Concerns/RoutesRequests.php(284): Laravel\\Lumen\\Application->callControllerAction(Array)
#25 /var/www/vendor/laravel/lumen-framework/src/Concerns/RoutesRequests.php(269): Laravel\\Lumen\\Application->callActionOnArrayBasedRoute(Array)
#26 /var/www/vendor/laravel/lumen-framework/src/Concerns/RoutesRequests.php(239): Laravel\\Lumen\\Application->handleFoundRoute(Array)
#27 /var/www/vendor/laravel/lumen-framework/src/Concerns/RoutesRequests.php(174): Laravel\\Lumen\\Application->handleDispatcherResponse(Array)
#28 /var/www/vendor/laravel/lumen-framework/src/Routing/Pipeline.php(48): Laravel\\Lumen\\Application->{closure:Laravel\\Lumen\\Concerns\\RoutesRequests::dispatch():167}(Object(Laravel\\Lumen\\Http\\Request))
#29 /var/www/app/Http/Middleware/RequestIdMiddleware.php(29): Laravel\\Lumen\\Routing\\Pipeline->{closure:Laravel\\Lumen\\Routing\\Pipeline::prepareDestination():46}(Object(Laravel\\Lumen\\Http\\Request))
#30 /var/www/vendor/illuminate/pipeline/Pipeline.php(183): App\\Http\\Middleware\\RequestIdMiddleware->handle(Object(Laravel\\Lumen\\Http\\Request), Object(Closure))
#31 /var/www/vendor/laravel/lumen-framework/src/Routing/Pipeline.php(30): Illuminate\\Pipeline\\Pipeline->{closure:{closure:Illuminate\\Pipeline\\Pipeline::carry():158}:159}(Object(Laravel\\Lumen\\Http\\Request))
#32 /var/www/vendor/illuminate/pipeline/Pipeline.php(119): Laravel\\Lumen\\Routing\\Pipeline->{closure:{closure:Laravel\\Lumen\\Routing\\Pipeline::carry():25}:26}(Object(Laravel\\Lumen\\Http\\Request))
#33 /var/www/vendor/laravel/lumen-framework/src/Concerns/RoutesRequests.php(428): Illuminate\\Pipeline\\Pipeline->then(Object(Closure))
#34 /var/www/vendor/laravel/lumen-framework/src/Concerns/RoutesRequests.php(167): Laravel\\Lumen\\Application->sendThroughPipeline(Array, Object(Closure))
#35 /var/www/vendor/laravel/lumen-framework/src/Concerns/RoutesRequests.php(112): Laravel\\Lumen\\Application->dispatch(NULL)
#36 /var/www/public/index.php(28): Laravel\\Lumen\\Application->run()
#37 {main}
"} 
[2026-05-23 08:17:07] local.INFO: Request {"method":"GET","url":"http://counter-service:9100/api/v1/counters/user/4","ip":"172.18.0.2","user_agent":null,"request_id":"req_6a11628374c800.69633065"} 
[2026-05-23 08:17:08] local.ERROR: SQLSTATE[22P02]: Invalid text representation: 7 ERROR:  invalid input syntax for type uuid: "4"
CONTEXT:  unnamed portal parameter $1 = '...' (Connection: pgsql, SQL: select * from "user_unread_counts" where "user_id" = 4 limit 1) {"exception":"[object] (Illuminate\\Database\\QueryException(code: 22P02): SQLSTATE[22P02]: Invalid text representation: 7 ERROR:  invalid input syntax for type uuid: \"4\"
CONTEXT:  unnamed portal parameter $1 = '...' (Connection: pgsql, SQL: select * from \"user_unread_counts\" where \"user_id\" = 4 limit 1) at /var/www/vendor/illuminate/database/Connection.php:829)
[stacktrace]
#0 /var/www/vendor/illuminate/database/Connection.php(783): Illuminate\\Database\\Connection->runQueryCallback('select * from \"...', Array, Object(Closure))
#1 /var/www/vendor/illuminate/database/Connection.php(414): Illuminate\\Database\\Connection->run('select * from \"...', Array, Object(Closure))
#2 /var/www/vendor/illuminate/database/Query/Builder.php(2913): Illuminate\\Database\\Connection->select('select * from \"...', Array, true)
#3 /var/www/vendor/illuminate/database/Query/Builder.php(2902): Illuminate\\Database\\Query\\Builder->runSelect()
#4 /var/www/vendor/illuminate/database/Query/Builder.php(3456): Illuminate\\Database\\Query\\Builder->{closure:Illuminate\\Database\\Query\\Builder::get():2901}()
#5 /var/www/vendor/illuminate/database/Query/Builder.php(2901): Illuminate\\Database\\Query\\Builder->onceWithColumns(Array, Object(Closure))
#6 /var/www/vendor/illuminate/database/Eloquent/Builder.php(739): Illuminate\\Database\\Query\\Builder->get(Array)
#7 /var/www/vendor/illuminate/database/Eloquent/Builder.php(723): Illuminate\\Database\\Eloquent\\Builder->getModels(Array)
#8 /var/www/vendor/illuminate/database/Concerns/BuildsQueries.php(333): Illuminate\\Database\\Eloquent\\Builder->get(Array)
#9 /var/www/app/Http/Controllers/Api/V1/CounterController.php(88): Illuminate\\Database\\Eloquent\\Builder->first()
#10 /var/www/vendor/illuminate/cache/Repository.php(396): App\\Http\\Controllers\\Api\\V1\\CounterController->{closure:App\\Http\\Controllers\\Api\\V1\\CounterController::user():87}()
#11 /var/www/vendor/illuminate/cache/CacheManager.php(429): Illuminate\\Cache\\Repository->remember('user:4:total_un...', 60, Object(Closure))
#12 /var/www/vendor/illuminate/support/Facades/Facade.php(355): Illuminate\\Cache\\CacheManager->__call('remember', Array)
#13 /var/www/app/Http/Controllers/Api/V1/CounterController.php(87): Illuminate\\Support\\Facades\\Facade::__callStatic('remember', Array)
#14 /var/www/vendor/illuminate/container/BoundMethod.php(36): App\\Http\\Controllers\\Api\\V1\\CounterController->user(Object(Laravel\\Lumen\\Http\\Request), '4')
#15 /var/www/vendor/illuminate/container/Util.php(41): Illuminate\\Container\\BoundMethod::{closure:Illuminate\\Container\\BoundMethod::call():35}()
#16 /var/www/vendor/illuminate/container/BoundMethod.php(93): Illuminate\\Container\\Util::unwrapIfClosure(Object(Closure))
#17 /var/www/vendor/illuminate/container/BoundMethod.php(35): Illuminate\\Container\\BoundMethod::callBoundMethod(Object(Laravel\\Lumen\\Application), Array, Object(Closure))
#18 /var/www/vendor/illuminate/container/Container.php(662): Illuminate\\Container\\BoundMethod::call(Object(Laravel\\Lumen\\Application), Array, Array, NULL)
#19 /var/www/vendor/laravel/lumen-framework/src/Concerns/RoutesRequests.php(391): Illuminate\\Container\\Container->call(Array, Array)
#20 /var/www/vendor/laravel/lumen-framework/src/Concerns/RoutesRequests.php(356): Laravel\\Lumen\\Application->callControllerCallable(Array, Array)
#21 /var/www/vendor/laravel/lumen-framework/src/Concerns/RoutesRequests.php(331): Laravel\\Lumen\\Application->callLumenController(Object(App\\Http\\Controllers\\Api\\V1\\CounterController), 'user', Array)
#22 /var/www/vendor/laravel/lumen-framework/src/Concerns/RoutesRequests.php(284): Laravel\\Lumen\\Application->callControllerAction(Array)
#23 /var/www/vendor/laravel/lumen-framework/src/Concerns/RoutesRequests.php(269): Laravel\\Lumen\\Application->callActionOnArrayBasedRoute(Array)
#24 /var/www/vendor/laravel/lumen-framework/src/Concerns/RoutesRequests.php(239): Laravel\\Lumen\\Application->handleFoundRoute(Array)
#25 /var/www/vendor/laravel/lumen-framework/src/Concerns/RoutesRequests.php(174): Laravel\\Lumen\\Application->handleDispatcherResponse(Array)
#26 /var/www/vendor/laravel/lumen-framework/src/Routing/Pipeline.php(48): Laravel\\Lumen\\Application->{closure:Laravel\\Lumen\\Concerns\\RoutesRequests::dispatch():167}(Object(Laravel\\Lumen\\Http\\Request))
#27 /var/www/app/Http/Middleware/RequestIdMiddleware.php(29): Laravel\\Lumen\\Routing\\Pipeline->{closure:Laravel\\Lumen\\Routing\\Pipeline::prepareDestination():46}(Object(Laravel\\Lumen\\Http\\Request))
#28 /var/www/vendor/illuminate/pipeline/Pipeline.php(183): App\\Http\\Middleware\\RequestIdMiddleware->handle(Object(Laravel\\Lumen\\Http\\Request), Object(Closure))
#29 /var/www/vendor/laravel/lumen-framework/src/Routing/Pipeline.php(30): Illuminate\\Pipeline\\Pipeline->{closure:{closure:Illuminate\\Pipeline\\Pipeline::carry():158}:159}(Object(Laravel\\Lumen\\Http\\Request))
#30 /var/www/vendor/illuminate/pipeline/Pipeline.php(119): Laravel\\Lumen\\Routing\\Pipeline->{closure:{closure:Laravel\\Lumen\\Routing\\Pipeline::carry():25}:26}(Object(Laravel\\Lumen\\Http\\Request))
#31 /var/www/vendor/laravel/lumen-framework/src/Concerns/RoutesRequests.php(428): Illuminate\\Pipeline\\Pipeline->then(Object(Closure))
#32 /var/www/vendor/laravel/lumen-framework/src/Concerns/RoutesRequests.php(167): Laravel\\Lumen\\Application->sendThroughPipeline(Array, Object(Closure))
#33 /var/www/vendor/laravel/lumen-framework/src/Concerns/RoutesRequests.php(112): Laravel\\Lumen\\Application->dispatch(NULL)
#34 /var/www/public/index.php(28): Laravel\\Lumen\\Application->run()
#35 {main}

[previous exception] [object] (PDOException(code: 22P02): SQLSTATE[22P02]: Invalid text representation: 7 ERROR:  invalid input syntax for type uuid: \"4\"
CONTEXT:  unnamed portal parameter $1 = '...' at /var/www/vendor/illuminate/database/Connection.php:428)
[stacktrace]
#0 /var/www/vendor/illuminate/database/Connection.php(428): PDOStatement->execute()
#1 /var/www/vendor/illuminate/database/Connection.php(816): Illuminate\\Database\\Connection->{closure:Illuminate\\Database\\Connection::select():414}('select * from \"...', Array)
#2 /var/www/vendor/illuminate/database/Connection.php(783): Illuminate\\Database\\Connection->runQueryCallback('select * from \"...', Array, Object(Closure))
#3 /var/www/vendor/illuminate/database/Connection.php(414): Illuminate\\Database\\Connection->run('select * from \"...', Array, Object(Closure))
#4 /var/www/vendor/illuminate/database/Query/Builder.php(2913): Illuminate\\Database\\Connection->select('select * from \"...', Array, true)
#5 /var/www/vendor/illuminate/database/Query/Builder.php(2902): Illuminate\\Database\\Query\\Builder->runSelect()
#6 /var/www/vendor/illuminate/database/Query/Builder.php(3456): Illuminate\\Database\\Query\\Builder->{closure:Illuminate\\Database\\Query\\Builder::get():2901}()
#7 /var/www/vendor/illuminate/database/Query/Builder.php(2901): Illuminate\\Database\\Query\\Builder->onceWithColumns(Array, Object(Closure))
#8 /var/www/vendor/illuminate/database/Eloquent/Builder.php(739): Illuminate\\Database\\Query\\Builder->get(Array)
#9 /var/www/vendor/illuminate/database/Eloquent/Builder.php(723): Illuminate\\Database\\Eloquent\\Builder->getModels(Array)
#10 /var/www/vendor/illuminate/database/Concerns/BuildsQueries.php(333): Illuminate\\Database\\Eloquent\\Builder->get(Array)
#11 /var/www/app/Http/Controllers/Api/V1/CounterController.php(88): Illuminate\\Database\\Eloquent\\Builder->first()
#12 /var/www/vendor/illuminate/cache/Repository.php(396): App\\Http\\Controllers\\Api\\V1\\CounterController->{closure:App\\Http\\Controllers\\Api\\V1\\CounterController::user():87}()
#13 /var/www/vendor/illuminate/cache/CacheManager.php(429): Illuminate\\Cache\\Repository->remember('user:4:total_un...', 60, Object(Closure))
#14 /var/www/vendor/illuminate/support/Facades/Facade.php(355): Illuminate\\Cache\\CacheManager->__call('remember', Array)
#15 /var/www/app/Http/Controllers/Api/V1/CounterController.php(87): Illuminate\\Support\\Facades\\Facade::__callStatic('remember', Array)
#16 /var/www/vendor/illuminate/container/BoundMethod.php(36): App\\Http\\Controllers\\Api\\V1\\CounterController->user(Object(Laravel\\Lumen\\Http\\Request), '4')
#17 /var/www/vendor/illuminate/container/Util.php(41): Illuminate\\Container\\BoundMethod::{closure:Illuminate\\Container\\BoundMethod::call():35}()
#18 /var/www/vendor/illuminate/container/BoundMethod.php(93): Illuminate\\Container\\Util::unwrapIfClosure(Object(Closure))
#19 /var/www/vendor/illuminate/container/BoundMethod.php(35): Illuminate\\Container\\BoundMethod::callBoundMethod(Object(Laravel\\Lumen\\Application), Array, Object(Closure))
#20 /var/www/vendor/illuminate/container/Container.php(662): Illuminate\\Container\\BoundMethod::call(Object(Laravel\\Lumen\\Application), Array, Array, NULL)
#21 /var/www/vendor/laravel/lumen-framework/src/Concerns/RoutesRequests.php(391): Illuminate\\Container\\Container->call(Array, Array)
#22 /var/www/vendor/laravel/lumen-framework/src/Concerns/RoutesRequests.php(356): Laravel\\Lumen\\Application->callControllerCallable(Array, Array)
#23 /var/www/vendor/laravel/lumen-framework/src/Concerns/RoutesRequests.php(331): Laravel\\Lumen\\Application->callLumenController(Object(App\\Http\\Controllers\\Api\\V1\\CounterController), 'user', Array)
#24 /var/www/vendor/laravel/lumen-framework/src/Concerns/RoutesRequests.php(284): Laravel\\Lumen\\Application->callControllerAction(Array)
#25 /var/www/vendor/laravel/lumen-framework/src/Concerns/RoutesRequests.php(269): Laravel\\Lumen\\Application->callActionOnArrayBasedRoute(Array)
#26 /var/www/vendor/laravel/lumen-framework/src/Concerns/RoutesRequests.php(239): Laravel\\Lumen\\Application->handleFoundRoute(Array)
#27 /var/www/vendor/laravel/lumen-framework/src/Concerns/RoutesRequests.php(174): Laravel\\Lumen\\Application->handleDispatcherResponse(Array)
#28 /var/www/vendor/laravel/lumen-framework/src/Routing/Pipeline.php(48): Laravel\\Lumen\\Application->{closure:Laravel\\Lumen\\Concerns\\RoutesRequests::dispatch():167}(Object(Laravel\\Lumen\\Http\\Request))
#29 /var/www/app/Http/Middleware/RequestIdMiddleware.php(29): Laravel\\Lumen\\Routing\\Pipeline->{closure:Laravel\\Lumen\\Routing\\Pipeline::prepareDestination():46}(Object(Laravel\\Lumen\\Http\\Request))
#30 /var/www/vendor/illuminate/pipeline/Pipeline.php(183): App\\Http\\Middleware\\RequestIdMiddleware->handle(Object(Laravel\\Lumen\\Http\\Request), Object(Closure))
#31 /var/www/vendor/laravel/lumen-framework/src/Routing/Pipeline.php(30): Illuminate\\Pipeline\\Pipeline->{closure:{closure:Illuminate\\Pipeline\\Pipeline::carry():158}:159}(Object(Laravel\\Lumen\\Http\\Request))
#32 /var/www/vendor/illuminate/pipeline/Pipeline.php(119): Laravel\\Lumen\\Routing\\Pipeline->{closure:{closure:Laravel\\Lumen\\Routing\\Pipeline::carry():25}:26}(Object(Laravel\\Lumen\\Http\\Request))
#33 /var/www/vendor/laravel/lumen-framework/src/Concerns/RoutesRequests.php(428): Illuminate\\Pipeline\\Pipeline->then(Object(Closure))
#34 /var/www/vendor/laravel/lumen-framework/src/Concerns/RoutesRequests.php(167): Laravel\\Lumen\\Application->sendThroughPipeline(Array, Object(Closure))
#35 /var/www/vendor/laravel/lumen-framework/src/Concerns/RoutesRequests.php(112): Laravel\\Lumen\\Application->dispatch(NULL)
#36 /var/www/public/index.php(28): Laravel\\Lumen\\Application->run()
#37 {main}
"} 
[2026-05-23 08:17:08] local.INFO: Request {"method":"GET","url":"http://counter-service:9100/api/v1/counters/user/4","ip":"172.18.0.2","user_agent":null,"request_id":"req_6a11628438dc81.17504804"} 
[2026-05-23 08:17:09] local.ERROR: SQLSTATE[22P02]: Invalid text representation: 7 ERROR:  invalid input syntax for type uuid: "4"
CONTEXT:  unnamed portal parameter $1 = '...' (Connection: pgsql, SQL: select * from "user_unread_counts" where "user_id" = 4 limit 1) {"exception":"[object] (Illuminate\\Database\\QueryException(code: 22P02): SQLSTATE[22P02]: Invalid text representation: 7 ERROR:  invalid input syntax for type uuid: \"4\"
CONTEXT:  unnamed portal parameter $1 = '...' (Connection: pgsql, SQL: select * from \"user_unread_counts\" where \"user_id\" = 4 limit 1) at /var/www/vendor/illuminate/database/Connection.php:829)
[stacktrace]
#0 /var/www/vendor/illuminate/database/Connection.php(783): Illuminate\\Database\\Connection->runQueryCallback('select * from \"...', Array, Object(Closure))
#1 /var/www/vendor/illuminate/database/Connection.php(414): Illuminate\\Database\\Connection->run('select * from \"...', Array, Object(Closure))
#2 /var/www/vendor/illuminate/database/Query/Builder.php(2913): Illuminate\\Database\\Connection->select('select * from \"...', Array, true)
#3 /var/www/vendor/illuminate/database/Query/Builder.php(2902): Illuminate\\Database\\Query\\Builder->runSelect()
#4 /var/www/vendor/illuminate/database/Query/Builder.php(3456): Illuminate\\Database\\Query\\Builder->{closure:Illuminate\\Database\\Query\\Builder::get():2901}()
#5 /var/www/vendor/illuminate/database/Query/Builder.php(2901): Illuminate\\Database\\Query\\Builder->onceWithColumns(Array, Object(Closure))
#6 /var/www/vendor/illuminate/database/Eloquent/Builder.php(739): Illuminate\\Database\\Query\\Builder->get(Array)
#7 /var/www/vendor/illuminate/database/Eloquent/Builder.php(723): Illuminate\\Database\\Eloquent\\Builder->getModels(Array)
#8 /var/www/vendor/illuminate/database/Concerns/BuildsQueries.php(333): Illuminate\\Database\\Eloquent\\Builder->get(Array)
#9 /var/www/app/Http/Controllers/Api/V1/CounterController.php(88): Illuminate\\Database\\Eloquent\\Builder->first()
#10 /var/www/vendor/illuminate/cache/Repository.php(396): App\\Http\\Controllers\\Api\\V1\\CounterController->{closure:App\\Http\\Controllers\\Api\\V1\\CounterController::user():87}()
#11 /var/www/vendor/illuminate/cache/CacheManager.php(429): Illuminate\\Cache\\Repository->remember('user:4:total_un...', 60, Object(Closure))
#12 /var/www/vendor/illuminate/support/Facades/Facade.php(355): Illuminate\\Cache\\CacheManager->__call('remember', Array)
#13 /var/www/app/Http/Controllers/Api/V1/CounterController.php(87): Illuminate\\Support\\Facades\\Facade::__callStatic('remember', Array)
#14 /var/www/vendor/illuminate/container/BoundMethod.php(36): App\\Http\\Controllers\\Api\\V1\\CounterController->user(Object(Laravel\\Lumen\\Http\\Request), '4')
#15 /var/www/vendor/illuminate/container/Util.php(41): Illuminate\\Container\\BoundMethod::{closure:Illuminate\\Container\\BoundMethod::call():35}()
#16 /var/www/vendor/illuminate/container/BoundMethod.php(93): Illuminate\\Container\\Util::unwrapIfClosure(Object(Closure))
#17 /var/www/vendor/illuminate/container/BoundMethod.php(35): Illuminate\\Container\\BoundMethod::callBoundMethod(Object(Laravel\\Lumen\\Application), Array, Object(Closure))
#18 /var/www/vendor/illuminate/container/Container.php(662): Illuminate\\Container\\BoundMethod::call(Object(Laravel\\Lumen\\Application), Array, Array, NULL)
#19 /var/www/vendor/laravel/lumen-framework/src/Concerns/RoutesRequests.php(391): Illuminate\\Container\\Container->call(Array, Array)
#20 /var/www/vendor/laravel/lumen-framework/src/Concerns/RoutesRequests.php(356): Laravel\\Lumen\\Application->callControllerCallable(Array, Array)
#21 /var/www/vendor/laravel/lumen-framework/src/Concerns/RoutesRequests.php(331): Laravel\\Lumen\\Application->callLumenController(Object(App\\Http\\Controllers\\Api\\V1\\CounterController), 'user', Array)
#22 /var/www/vendor/laravel/lumen-framework/src/Concerns/RoutesRequests.php(284): Laravel\\Lumen\\Application->callControllerAction(Array)
#23 /var/www/vendor/laravel/lumen-framework/src/Concerns/RoutesRequests.php(269): Laravel\\Lumen\\Application->callActionOnArrayBasedRoute(Array)
#24 /var/www/vendor/laravel/lumen-framework/src/Concerns/RoutesRequests.php(239): Laravel\\Lumen\\Application->handleFoundRoute(Array)
#25 /var/www/vendor/laravel/lumen-framework/src/Concerns/RoutesRequests.php(174): Laravel\\Lumen\\Application->handleDispatcherResponse(Array)
#26 /var/www/vendor/laravel/lumen-framework/src/Routing/Pipeline.php(48): Laravel\\Lumen\\Application->{closure:Laravel\\Lumen\\Concerns\\RoutesRequests::dispatch():167}(Object(Laravel\\Lumen\\Http\\Request))
#27 /var/www/app/Http/Middleware/RequestIdMiddleware.php(29): Laravel\\Lumen\\Routing\\Pipeline->{closure:Laravel\\Lumen\\Routing\\Pipeline::prepareDestination():46}(Object(Laravel\\Lumen\\Http\\Request))
#28 /var/www/vendor/illuminate/pipeline/Pipeline.php(183): App\\Http\\Middleware\\RequestIdMiddleware->handle(Object(Laravel\\Lumen\\Http\\Request), Object(Closure))
#29 /var/www/vendor/laravel/lumen-framework/src/Routing/Pipeline.php(30): Illuminate\\Pipeline\\Pipeline->{closure:{closure:Illuminate\\Pipeline\\Pipeline::carry():158}:159}(Object(Laravel\\Lumen\\Http\\Request))
#30 /var/www/vendor/illuminate/pipeline/Pipeline.php(119): Laravel\\Lumen\\Routing\\Pipeline->{closure:{closure:Laravel\\Lumen\\Routing\\Pipeline::carry():25}:26}(Object(Laravel\\Lumen\\Http\\Request))
#31 /var/www/vendor/laravel/lumen-framework/src/Concerns/RoutesRequests.php(428): Illuminate\\Pipeline\\Pipeline->then(Object(Closure))
#32 /var/www/vendor/laravel/lumen-framework/src/Concerns/RoutesRequests.php(167): Laravel\\Lumen\\Application->sendThroughPipeline(Array, Object(Closure))
#33 /var/www/vendor/laravel/lumen-framework/src/Concerns/RoutesRequests.php(112): Laravel\\Lumen\\Application->dispatch(NULL)
#34 /var/www/public/index.php(28): Laravel\\Lumen\\Application->run()
#35 {main}

[previous exception] [object] (PDOException(code: 22P02): SQLSTATE[22P02]: Invalid text representation: 7 ERROR:  invalid input syntax for type uuid: \"4\"
CONTEXT:  unnamed portal parameter $1 = '...' at /var/www/vendor/illuminate/database/Connection.php:428)
[stacktrace]
#0 /var/www/vendor/illuminate/database/Connection.php(428): PDOStatement->execute()
#1 /var/www/vendor/illuminate/database/Connection.php(816): Illuminate\\Database\\Connection->{closure:Illuminate\\Database\\Connection::select():414}('select * from \"...', Array)
#2 /var/www/vendor/illuminate/database/Connection.php(783): Illuminate\\Database\\Connection->runQueryCallback('select * from \"...', Array, Object(Closure))
#3 /var/www/vendor/illuminate/database/Connection.php(414): Illuminate\\Database\\Connection->run('select * from \"...', Array, Object(Closure))
#4 /var/www/vendor/illuminate/database/Query/Builder.php(2913): Illuminate\\Database\\Connection->select('select * from \"...', Array, true)
#5 /var/www/vendor/illuminate/database/Query/Builder.php(2902): Illuminate\\Database\\Query\\Builder->runSelect()
#6 /var/www/vendor/illuminate/database/Query/Builder.php(3456): Illuminate\\Database\\Query\\Builder->{closure:Illuminate\\Database\\Query\\Builder::get():2901}()
#7 /var/www/vendor/illuminate/database/Query/Builder.php(2901): Illuminate\\Database\\Query\\Builder->onceWithColumns(Array, Object(Closure))
#8 /var/www/vendor/illuminate/database/Eloquent/Builder.php(739): Illuminate\\Database\\Query\\Builder->get(Array)
#9 /var/www/vendor/illuminate/database/Eloquent/Builder.php(723): Illuminate\\Database\\Eloquent\\Builder->getModels(Array)
#10 /var/www/vendor/illuminate/database/Concerns/BuildsQueries.php(333): Illuminate\\Database\\Eloquent\\Builder->get(Array)
#11 /var/www/app/Http/Controllers/Api/V1/CounterController.php(88): Illuminate\\Database\\Eloquent\\Builder->first()
#12 /var/www/vendor/illuminate/cache/Repository.php(396): App\\Http\\Controllers\\Api\\V1\\CounterController->{closure:App\\Http\\Controllers\\Api\\V1\\CounterController::user():87}()
#13 /var/www/vendor/illuminate/cache/CacheManager.php(429): Illuminate\\Cache\\Repository->remember('user:4:total_un...', 60, Object(Closure))
#14 /var/www/vendor/illuminate/support/Facades/Facade.php(355): Illuminate\\Cache\\CacheManager->__call('remember', Array)
#15 /var/www/app/Http/Controllers/Api/V1/CounterController.php(87): Illuminate\\Support\\Facades\\Facade::__callStatic('remember', Array)
#16 /var/www/vendor/illuminate/container/BoundMethod.php(36): App\\Http\\Controllers\\Api\\V1\\CounterController->user(Object(Laravel\\Lumen\\Http\\Request), '4')
#17 /var/www/vendor/illuminate/container/Util.php(41): Illuminate\\Container\\BoundMethod::{closure:Illuminate\\Container\\BoundMethod::call():35}()
#18 /var/www/vendor/illuminate/container/BoundMethod.php(93): Illuminate\\Container\\Util::unwrapIfClosure(Object(Closure))
#19 /var/www/vendor/illuminate/container/BoundMethod.php(35): Illuminate\\Container\\BoundMethod::callBoundMethod(Object(Laravel\\Lumen\\Application), Array, Object(Closure))
#20 /var/www/vendor/illuminate/container/Container.php(662): Illuminate\\Container\\BoundMethod::call(Object(Laravel\\Lumen\\Application), Array, Array, NULL)
#21 /var/www/vendor/laravel/lumen-framework/src/Concerns/RoutesRequests.php(391): Illuminate\\Container\\Container->call(Array, Array)
#22 /var/www/vendor/laravel/lumen-framework/src/Concerns/RoutesRequests.php(356): Laravel\\Lumen\\Application->callControllerCallable(Array, Array)
#23 /var/www/vendor/laravel/lumen-framework/src/Concerns/RoutesRequests.php(331): Laravel\\Lumen\\Application->callLumenController(Object(App\\Http\\Controllers\\Api\\V1\\CounterController), 'user', Array)
#24 /var/www/vendor/laravel/lumen-framework/src/Concerns/RoutesRequests.php(284): Laravel\\Lumen\\Application->callControllerAction(Array)
#25 /var/www/vendor/laravel/lumen-framework/src/Concerns/RoutesRequests.php(269): Laravel\\Lumen\\Application->callActionOnArrayBasedRoute(Array)
#26 /var/www/vendor/laravel/lumen-framework/src/Concerns/RoutesRequests.php(239): Laravel\\Lumen\\Application->handleFoundRoute(Array)
#27 /var/www/vendor/laravel/lumen-framework/src/Concerns/RoutesRequests.php(174): Laravel\\Lumen\\Application->handleDispatcherResponse(Array)
#28 /var/www/vendor/laravel/lumen-framework/src/Routing/Pipeline.php(48): Laravel\\Lumen\\Application->{closure:Laravel\\Lumen\\Concerns\\RoutesRequests::dispatch():167}(Object(Laravel\\Lumen\\Http\\Request))
#29 /var/www/app/Http/Middleware/RequestIdMiddleware.php(29): Laravel\\Lumen\\Routing\\Pipeline->{closure:Laravel\\Lumen\\Routing\\Pipeline::prepareDestination():46}(Object(Laravel\\Lumen\\Http\\Request))
#30 /var/www/vendor/illuminate/pipeline/Pipeline.php(183): App\\Http\\Middleware\\RequestIdMiddleware->handle(Object(Laravel\\Lumen\\Http\\Request), Object(Closure))
#31 /var/www/vendor/laravel/lumen-framework/src/Routing/Pipeline.php(30): Illuminate\\Pipeline\\Pipeline->{closure:{closure:Illuminate\\Pipeline\\Pipeline::carry():158}:159}(Object(Laravel\\Lumen\\Http\\Request))
#32 /var/www/vendor/illuminate/pipeline/Pipeline.php(119): Laravel\\Lumen\\Routing\\Pipeline->{closure:{closure:Laravel\\Lumen\\Routing\\Pipeline::carry():25}:26}(Object(Laravel\\Lumen\\Http\\Request))
#33 /var/www/vendor/laravel/lumen-framework/src/Concerns/RoutesRequests.php(428): Illuminate\\Pipeline\\Pipeline->then(Object(Closure))
#34 /var/www/vendor/laravel/lumen-framework/src/Concerns/RoutesRequests.php(167): Laravel\\Lumen\\Application->sendThroughPipeline(Array, Object(Closure))
#35 /var/www/vendor/laravel/lumen-framework/src/Concerns/RoutesRequests.php(112): Laravel\\Lumen\\Application->dispatch(NULL)
#36 /var/www/public/index.php(28): Laravel\\Lumen\\Application->run()
#37 {main}
"} 
[2026-05-23 08:17:09] local.INFO: Request {"method":"GET","url":"http://counter-service:9100/api/v1/counters/user/4","ip":"172.18.0.2","user_agent":null,"request_id":"req_6a116285b2b436.63588522"} 
[2026-05-23 08:27:43] local.WARNING: Invalid message.sent event {"type":"message.sent","timestamp":1779524863,"data":{"dialog_id":6,"author_user_id":17,"recipient_user_id":4,"message_id":19}} 
[2026-05-23 08:27:56] local.INFO: Request {"method":"GET","url":"http://localhost:9100/health","ip":"185.85.0.29","user_agent":"curl/8.7.1","request_id":"47ba3bb6-cc7c-4bce-b155-92b0e1876548"} 
[2026-05-23 08:27:57] local.ERROR: SQLSTATE[22P02]: Invalid text representation: 7 ERROR:  invalid input syntax for type bigint: "dfbe078f-f605-413e-896c-3d1e673d9ec4"
CONTEXT:  unnamed portal parameter $1 = '...' (Connection: pgsql, SQL: select * from "user_unread_counts" where "user_id" = dfbe078f-f605-413e-896c-3d1e673d9ec4 limit 1) {"exception":"[object] (Illuminate\\Database\\QueryException(code: 22P02): SQLSTATE[22P02]: Invalid text representation: 7 ERROR:  invalid input syntax for type bigint: \"dfbe078f-f605-413e-896c-3d1e673d9ec4\"
CONTEXT:  unnamed portal parameter $1 = '...' (Connection: pgsql, SQL: select * from \"user_unread_counts\" where \"user_id\" = dfbe078f-f605-413e-896c-3d1e673d9ec4 limit 1) at /var/www/vendor/illuminate/database/Connection.php:829)
[stacktrace]
#0 /var/www/vendor/illuminate/database/Connection.php(783): Illuminate\\Database\\Connection->runQueryCallback('select * from \"...', Array, Object(Closure))
#1 /var/www/vendor/illuminate/database/Connection.php(414): Illuminate\\Database\\Connection->run('select * from \"...', Array, Object(Closure))
#2 /var/www/vendor/illuminate/database/Query/Builder.php(2913): Illuminate\\Database\\Connection->select('select * from \"...', Array, true)
#3 /var/www/vendor/illuminate/database/Query/Builder.php(2902): Illuminate\\Database\\Query\\Builder->runSelect()
#4 /var/www/vendor/illuminate/database/Query/Builder.php(3456): Illuminate\\Database\\Query\\Builder->{closure:Illuminate\\Database\\Query\\Builder::get():2901}()
#5 /var/www/vendor/illuminate/database/Query/Builder.php(2901): Illuminate\\Database\\Query\\Builder->onceWithColumns(Array, Object(Closure))
#6 /var/www/vendor/illuminate/database/Eloquent/Builder.php(739): Illuminate\\Database\\Query\\Builder->get(Array)
#7 /var/www/vendor/illuminate/database/Eloquent/Builder.php(723): Illuminate\\Database\\Eloquent\\Builder->getModels(Array)
#8 /var/www/vendor/illuminate/database/Concerns/BuildsQueries.php(333): Illuminate\\Database\\Eloquent\\Builder->get(Array)
#9 /var/www/app/Http/Controllers/Api/V1/CounterController.php(88): Illuminate\\Database\\Eloquent\\Builder->first()
#10 /var/www/vendor/illuminate/cache/Repository.php(396): App\\Http\\Controllers\\Api\\V1\\CounterController->{closure:App\\Http\\Controllers\\Api\\V1\\CounterController::user():87}()
#11 /var/www/vendor/illuminate/cache/CacheManager.php(429): Illuminate\\Cache\\Repository->remember('user:dfbe078f-f...', 60, Object(Closure))
#12 /var/www/vendor/illuminate/support/Facades/Facade.php(355): Illuminate\\Cache\\CacheManager->__call('remember', Array)
#13 /var/www/app/Http/Controllers/Api/V1/CounterController.php(87): Illuminate\\Support\\Facades\\Facade::__callStatic('remember', Array)
#14 /var/www/vendor/illuminate/container/BoundMethod.php(36): App\\Http\\Controllers\\Api\\V1\\CounterController->user(Object(Laravel\\Lumen\\Http\\Request), 'dfbe078f-f605-4...')
#15 /var/www/vendor/illuminate/container/Util.php(41): Illuminate\\Container\\BoundMethod::{closure:Illuminate\\Container\\BoundMethod::call():35}()
#16 /var/www/vendor/illuminate/container/BoundMethod.php(93): Illuminate\\Container\\Util::unwrapIfClosure(Object(Closure))
#17 /var/www/vendor/illuminate/container/BoundMethod.php(35): Illuminate\\Container\\BoundMethod::callBoundMethod(Object(Laravel\\Lumen\\Application), Array, Object(Closure))
#18 /var/www/vendor/illuminate/container/Container.php(662): Illuminate\\Container\\BoundMethod::call(Object(Laravel\\Lumen\\Application), Array, Array, NULL)
#19 /var/www/vendor/laravel/lumen-framework/src/Concerns/RoutesRequests.php(391): Illuminate\\Container\\Container->call(Array, Array)
#20 /var/www/vendor/laravel/lumen-framework/src/Concerns/RoutesRequests.php(356): Laravel\\Lumen\\Application->callControllerCallable(Array, Array)
#21 /var/www/vendor/laravel/lumen-framework/src/Concerns/RoutesRequests.php(331): Laravel\\Lumen\\Application->callLumenController(Object(App\\Http\\Controllers\\Api\\V1\\CounterController), 'user', Array)
#22 /var/www/vendor/laravel/lumen-framework/src/Concerns/RoutesRequests.php(284): Laravel\\Lumen\\Application->callControllerAction(Array)
#23 /var/www/vendor/laravel/lumen-framework/src/Concerns/RoutesRequests.php(269): Laravel\\Lumen\\Application->callActionOnArrayBasedRoute(Array)
#24 /var/www/vendor/laravel/lumen-framework/src/Concerns/RoutesRequests.php(239): Laravel\\Lumen\\Application->handleFoundRoute(Array)
#25 /var/www/vendor/laravel/lumen-framework/src/Concerns/RoutesRequests.php(174): Laravel\\Lumen\\Application->handleDispatcherResponse(Array)
#26 /var/www/vendor/laravel/lumen-framework/src/Routing/Pipeline.php(48): Laravel\\Lumen\\Application->{closure:Laravel\\Lumen\\Concerns\\RoutesRequests::dispatch():167}(Object(Laravel\\Lumen\\Http\\Request))
#27 /var/www/app/Http/Middleware/RequestIdMiddleware.php(29): Laravel\\Lumen\\Routing\\Pipeline->{closure:Laravel\\Lumen\\Routing\\Pipeline::prepareDestination():46}(Object(Laravel\\Lumen\\Http\\Request))
#28 /var/www/vendor/illuminate/pipeline/Pipeline.php(183): App\\Http\\Middleware\\RequestIdMiddleware->handle(Object(Laravel\\Lumen\\Http\\Request), Object(Closure))
#29 /var/www/vendor/laravel/lumen-framework/src/Routing/Pipeline.php(30): Illuminate\\Pipeline\\Pipeline->{closure:{closure:Illuminate\\Pipeline\\Pipeline::carry():158}:159}(Object(Laravel\\Lumen\\Http\\Request))
#30 /var/www/vendor/illuminate/pipeline/Pipeline.php(119): Laravel\\Lumen\\Routing\\Pipeline->{closure:{closure:Laravel\\Lumen\\Routing\\Pipeline::carry():25}:26}(Object(Laravel\\Lumen\\Http\\Request))
#31 /var/www/vendor/laravel/lumen-framework/src/Concerns/RoutesRequests.php(428): Illuminate\\Pipeline\\Pipeline->then(Object(Closure))
#32 /var/www/vendor/laravel/lumen-framework/src/Concerns/RoutesRequests.php(167): Laravel\\Lumen\\Application->sendThroughPipeline(Array, Object(Closure))
#33 /var/www/vendor/laravel/lumen-framework/src/Concerns/RoutesRequests.php(112): Laravel\\Lumen\\Application->dispatch(NULL)
#34 /var/www/public/index.php(28): Laravel\\Lumen\\Application->run()
#35 {main}

[previous exception] [object] (PDOException(code: 22P02): SQLSTATE[22P02]: Invalid text representation: 7 ERROR:  invalid input syntax for type bigint: \"dfbe078f-f605-413e-896c-3d1e673d9ec4\"
CONTEXT:  unnamed portal parameter $1 = '...' at /var/www/vendor/illuminate/database/Connection.php:428)
[stacktrace]
#0 /var/www/vendor/illuminate/database/Connection.php(428): PDOStatement->execute()
#1 /var/www/vendor/illuminate/database/Connection.php(816): Illuminate\\Database\\Connection->{closure:Illuminate\\Database\\Connection::select():414}('select * from \"...', Array)
#2 /var/www/vendor/illuminate/database/Connection.php(783): Illuminate\\Database\\Connection->runQueryCallback('select * from \"...', Array, Object(Closure))
#3 /var/www/vendor/illuminate/database/Connection.php(414): Illuminate\\Database\\Connection->run('select * from \"...', Array, Object(Closure))
#4 /var/www/vendor/illuminate/database/Query/Builder.php(2913): Illuminate\\Database\\Connection->select('select * from \"...', Array, true)
#5 /var/www/vendor/illuminate/database/Query/Builder.php(2902): Illuminate\\Database\\Query\\Builder->runSelect()
#6 /var/www/vendor/illuminate/database/Query/Builder.php(3456): Illuminate\\Database\\Query\\Builder->{closure:Illuminate\\Database\\Query\\Builder::get():2901}()
#7 /var/www/vendor/illuminate/database/Query/Builder.php(2901): Illuminate\\Database\\Query\\Builder->onceWithColumns(Array, Object(Closure))
#8 /var/www/vendor/illuminate/database/Eloquent/Builder.php(739): Illuminate\\Database\\Query\\Builder->get(Array)
#9 /var/www/vendor/illuminate/database/Eloquent/Builder.php(723): Illuminate\\Database\\Eloquent\\Builder->getModels(Array)
#10 /var/www/vendor/illuminate/database/Concerns/BuildsQueries.php(333): Illuminate\\Database\\Eloquent\\Builder->get(Array)
#11 /var/www/app/Http/Controllers/Api/V1/CounterController.php(88): Illuminate\\Database\\Eloquent\\Builder->first()
#12 /var/www/vendor/illuminate/cache/Repository.php(396): App\\Http\\Controllers\\Api\\V1\\CounterController->{closure:App\\Http\\Controllers\\Api\\V1\\CounterController::user():87}()
#13 /var/www/vendor/illuminate/cache/CacheManager.php(429): Illuminate\\Cache\\Repository->remember('user:dfbe078f-f...', 60, Object(Closure))
#14 /var/www/vendor/illuminate/support/Facades/Facade.php(355): Illuminate\\Cache\\CacheManager->__call('remember', Array)
#15 /var/www/app/Http/Controllers/Api/V1/CounterController.php(87): Illuminate\\Support\\Facades\\Facade::__callStatic('remember', Array)
#16 /var/www/vendor/illuminate/container/BoundMethod.php(36): App\\Http\\Controllers\\Api\\V1\\CounterController->user(Object(Laravel\\Lumen\\Http\\Request), 'dfbe078f-f605-4...')
#17 /var/www/vendor/illuminate/container/Util.php(41): Illuminate\\Container\\BoundMethod::{closure:Illuminate\\Container\\BoundMethod::call():35}()
#18 /var/www/vendor/illuminate/container/BoundMethod.php(93): Illuminate\\Container\\Util::unwrapIfClosure(Object(Closure))
#19 /var/www/vendor/illuminate/container/BoundMethod.php(35): Illuminate\\Container\\BoundMethod::callBoundMethod(Object(Laravel\\Lumen\\Application), Array, Object(Closure))
#20 /var/www/vendor/illuminate/container/Container.php(662): Illuminate\\Container\\BoundMethod::call(Object(Laravel\\Lumen\\Application), Array, Array, NULL)
#21 /var/www/vendor/laravel/lumen-framework/src/Concerns/RoutesRequests.php(391): Illuminate\\Container\\Container->call(Array, Array)
#22 /var/www/vendor/laravel/lumen-framework/src/Concerns/RoutesRequests.php(356): Laravel\\Lumen\\Application->callControllerCallable(Array, Array)
#23 /var/www/vendor/laravel/lumen-framework/src/Concerns/RoutesRequests.php(331): Laravel\\Lumen\\Application->callLumenController(Object(App\\Http\\Controllers\\Api\\V1\\CounterController), 'user', Array)
#24 /var/www/vendor/laravel/lumen-framework/src/Concerns/RoutesRequests.php(284): Laravel\\Lumen\\Application->callControllerAction(Array)
#25 /var/www/vendor/laravel/lumen-framework/src/Concerns/RoutesRequests.php(269): Laravel\\Lumen\\Application->callActionOnArrayBasedRoute(Array)
#26 /var/www/vendor/laravel/lumen-framework/src/Concerns/RoutesRequests.php(239): Laravel\\Lumen\\Application->handleFoundRoute(Array)
#27 /var/www/vendor/laravel/lumen-framework/src/Concerns/RoutesRequests.php(174): Laravel\\Lumen\\Application->handleDispatcherResponse(Array)
#28 /var/www/vendor/laravel/lumen-framework/src/Routing/Pipeline.php(48): Laravel\\Lumen\\Application->{closure:Laravel\\Lumen\\Concerns\\RoutesRequests::dispatch():167}(Object(Laravel\\Lumen\\Http\\Request))
#29 /var/www/app/Http/Middleware/RequestIdMiddleware.php(29): Laravel\\Lumen\\Routing\\Pipeline->{closure:Laravel\\Lumen\\Routing\\Pipeline::prepareDestination():46}(Object(Laravel\\Lumen\\Http\\Request))
#30 /var/www/vendor/illuminate/pipeline/Pipeline.php(183): App\\Http\\Middleware\\RequestIdMiddleware->handle(Object(Laravel\\Lumen\\Http\\Request), Object(Closure))
#31 /var/www/vendor/laravel/lumen-framework/src/Routing/Pipeline.php(30): Illuminate\\Pipeline\\Pipeline->{closure:{closure:Illuminate\\Pipeline\\Pipeline::carry():158}:159}(Object(Laravel\\Lumen\\Http\\Request))
#32 /var/www/vendor/illuminate/pipeline/Pipeline.php(119): Laravel\\Lumen\\Routing\\Pipeline->{closure:{closure:Laravel\\Lumen\\Routing\\Pipeline::carry():25}:26}(Object(Laravel\\Lumen\\Http\\Request))
#33 /var/www/vendor/laravel/lumen-framework/src/Concerns/RoutesRequests.php(428): Illuminate\\Pipeline\\Pipeline->then(Object(Closure))
#34 /var/www/vendor/laravel/lumen-framework/src/Concerns/RoutesRequests.php(167): Laravel\\Lumen\\Application->sendThroughPipeline(Array, Object(Closure))
#35 /var/www/vendor/laravel/lumen-framework/src/Concerns/RoutesRequests.php(112): Laravel\\Lumen\\Application->dispatch(NULL)
#36 /var/www/public/index.php(28): Laravel\\Lumen\\Application->run()
#37 {main}
"} 
[2026-05-23 08:27:57] local.INFO: Request {"method":"GET","url":"http://localhost:9100/api/v1/counters/user/dfbe078f-f605-413e-896c-3d1e673d9ec4","ip":"185.85.0.29","user_agent":"curl/8.7.1","request_id":"318f5dec-a644-4294-a993-8fab4bb41da4"} 
[2026-05-23 08:31:55] local.WARNING: Invalid message.sent event {"type":"message.sent","timestamp":1779525115,"data":{"dialog_id":7,"author_user_id":19,"recipient_user_id":4,"message_id":20}} 
[2026-05-23 08:41:37] local.WARNING: Invalid dialog.opened event {"type":"dialog.opened","timestamp":1779525697,"data":{"dialog_id":"6","user_id":"17"}} 
[2026-05-23 08:42:55] local.INFO: Request {"method":"GET","url":"http://localhost:9100/api/v1/counters/user/17","ip":"185.85.0.29","user_agent":"curl/8.7.1","request_id":"3332a8d8-5f5d-4c81-b9b5-297393184b87"} 
[2026-05-23 08:47:32] local.WARNING: Invalid message.sent event {"type":"message.sent","timestamp":1779526052,"data":{"dialog_id":8,"author_user_id":20,"recipient_user_id":4,"message_id":21}} 
[2026-05-23 08:56:52] local.DEBUG: Counters updated {"dialog_id":9,"user_id":4,"dialog_unread":1,"total_unread":1} 
[2026-05-23 08:56:52] local.INFO: Counter updated for message.sent {"dialog_id":9,"recipient_user_id":4} 
[2026-05-23 08:57:56] local.INFO: Request {"method":"GET","url":"http://localhost:9100/api/v1/counters/user/4","ip":"185.85.0.29","user_agent":"curl/8.7.1","request_id":"8f573287-1946-4078-9a6c-063bc6c2c854"} 
[2026-05-23 08:58:11] local.INFO: Counter reset for dialog.opened {"dialog_id":"9","user_id":"4"} 
[2026-05-23 08:58:46] local.INFO: Request {"method":"GET","url":"http://localhost:9100/api/v1/counters/user/4","ip":"185.85.0.29","user_agent":"curl/8.7.1","request_id":"76b0e9e2-9159-4bd3-abdc-a65ed67e86b3"} 
[2026-05-23 08:58:58] local.INFO: Request {"method":"GET","url":"http://localhost:9100/health","ip":"185.85.0.29","user_agent":"curl/8.7.1","request_id":"2d8790fc-13c6-48d0-a668-beccfe0f057e"} 
[2026-05-23 08:58:58] local.ERROR: SQLSTATE[22P02]: Invalid text representation: 7 ERROR:  invalid input syntax for type bigint: "8450641b-036f-4b85-b8a6-426b7ddcaf27"
CONTEXT:  unnamed portal parameter $1 = '...' (Connection: pgsql, SQL: select * from "user_unread_counts" where "user_id" = 8450641b-036f-4b85-b8a6-426b7ddcaf27 limit 1) {"exception":"[object] (Illuminate\\Database\\QueryException(code: 22P02): SQLSTATE[22P02]: Invalid text representation: 7 ERROR:  invalid input syntax for type bigint: \"8450641b-036f-4b85-b8a6-426b7ddcaf27\"
CONTEXT:  unnamed portal parameter $1 = '...' (Connection: pgsql, SQL: select * from \"user_unread_counts\" where \"user_id\" = 8450641b-036f-4b85-b8a6-426b7ddcaf27 limit 1) at /var/www/vendor/illuminate/database/Connection.php:829)
[stacktrace]
#0 /var/www/vendor/illuminate/database/Connection.php(783): Illuminate\\Database\\Connection->runQueryCallback('select * from \"...', Array, Object(Closure))
#1 /var/www/vendor/illuminate/database/Connection.php(414): Illuminate\\Database\\Connection->run('select * from \"...', Array, Object(Closure))
#2 /var/www/vendor/illuminate/database/Query/Builder.php(2913): Illuminate\\Database\\Connection->select('select * from \"...', Array, true)
#3 /var/www/vendor/illuminate/database/Query/Builder.php(2902): Illuminate\\Database\\Query\\Builder->runSelect()
#4 /var/www/vendor/illuminate/database/Query/Builder.php(3456): Illuminate\\Database\\Query\\Builder->{closure:Illuminate\\Database\\Query\\Builder::get():2901}()
#5 /var/www/vendor/illuminate/database/Query/Builder.php(2901): Illuminate\\Database\\Query\\Builder->onceWithColumns(Array, Object(Closure))
#6 /var/www/vendor/illuminate/database/Eloquent/Builder.php(739): Illuminate\\Database\\Query\\Builder->get(Array)
#7 /var/www/vendor/illuminate/database/Eloquent/Builder.php(723): Illuminate\\Database\\Eloquent\\Builder->getModels(Array)
#8 /var/www/vendor/illuminate/database/Concerns/BuildsQueries.php(333): Illuminate\\Database\\Eloquent\\Builder->get(Array)
#9 /var/www/app/Http/Controllers/Api/V1/CounterController.php(88): Illuminate\\Database\\Eloquent\\Builder->first()
#10 /var/www/vendor/illuminate/cache/Repository.php(396): App\\Http\\Controllers\\Api\\V1\\CounterController->{closure:App\\Http\\Controllers\\Api\\V1\\CounterController::user():87}()
#11 /var/www/vendor/illuminate/cache/CacheManager.php(429): Illuminate\\Cache\\Repository->remember('user:8450641b-0...', 60, Object(Closure))
#12 /var/www/vendor/illuminate/support/Facades/Facade.php(355): Illuminate\\Cache\\CacheManager->__call('remember', Array)
#13 /var/www/app/Http/Controllers/Api/V1/CounterController.php(87): Illuminate\\Support\\Facades\\Facade::__callStatic('remember', Array)
#14 /var/www/vendor/illuminate/container/BoundMethod.php(36): App\\Http\\Controllers\\Api\\V1\\CounterController->user(Object(Laravel\\Lumen\\Http\\Request), '8450641b-036f-4...')
#15 /var/www/vendor/illuminate/container/Util.php(41): Illuminate\\Container\\BoundMethod::{closure:Illuminate\\Container\\BoundMethod::call():35}()
#16 /var/www/vendor/illuminate/container/BoundMethod.php(93): Illuminate\\Container\\Util::unwrapIfClosure(Object(Closure))
#17 /var/www/vendor/illuminate/container/BoundMethod.php(35): Illuminate\\Container\\BoundMethod::callBoundMethod(Object(Laravel\\Lumen\\Application), Array, Object(Closure))
#18 /var/www/vendor/illuminate/container/Container.php(662): Illuminate\\Container\\BoundMethod::call(Object(Laravel\\Lumen\\Application), Array, Array, NULL)
#19 /var/www/vendor/laravel/lumen-framework/src/Concerns/RoutesRequests.php(391): Illuminate\\Container\\Container->call(Array, Array)
#20 /var/www/vendor/laravel/lumen-framework/src/Concerns/RoutesRequests.php(356): Laravel\\Lumen\\Application->callControllerCallable(Array, Array)
#21 /var/www/vendor/laravel/lumen-framework/src/Concerns/RoutesRequests.php(331): Laravel\\Lumen\\Application->callLumenController(Object(App\\Http\\Controllers\\Api\\V1\\CounterController), 'user', Array)
#22 /var/www/vendor/laravel/lumen-framework/src/Concerns/RoutesRequests.php(284): Laravel\\Lumen\\Application->callControllerAction(Array)
#23 /var/www/vendor/laravel/lumen-framework/src/Concerns/RoutesRequests.php(269): Laravel\\Lumen\\Application->callActionOnArrayBasedRoute(Array)
#24 /var/www/vendor/laravel/lumen-framework/src/Concerns/RoutesRequests.php(239): Laravel\\Lumen\\Application->handleFoundRoute(Array)
#25 /var/www/vendor/laravel/lumen-framework/src/Concerns/RoutesRequests.php(174): Laravel\\Lumen\\Application->handleDispatcherResponse(Array)
#26 /var/www/vendor/laravel/lumen-framework/src/Routing/Pipeline.php(48): Laravel\\Lumen\\Application->{closure:Laravel\\Lumen\\Concerns\\RoutesRequests::dispatch():167}(Object(Laravel\\Lumen\\Http\\Request))
#27 /var/www/app/Http/Middleware/RequestIdMiddleware.php(29): Laravel\\Lumen\\Routing\\Pipeline->{closure:Laravel\\Lumen\\Routing\\Pipeline::prepareDestination():46}(Object(Laravel\\Lumen\\Http\\Request))
#28 /var/www/vendor/illuminate/pipeline/Pipeline.php(183): App\\Http\\Middleware\\RequestIdMiddleware->handle(Object(Laravel\\Lumen\\Http\\Request), Object(Closure))
#29 /var/www/vendor/laravel/lumen-framework/src/Routing/Pipeline.php(30): Illuminate\\Pipeline\\Pipeline->{closure:{closure:Illuminate\\Pipeline\\Pipeline::carry():158}:159}(Object(Laravel\\Lumen\\Http\\Request))
#30 /var/www/vendor/illuminate/pipeline/Pipeline.php(119): Laravel\\Lumen\\Routing\\Pipeline->{closure:{closure:Laravel\\Lumen\\Routing\\Pipeline::carry():25}:26}(Object(Laravel\\Lumen\\Http\\Request))
#31 /var/www/vendor/laravel/lumen-framework/src/Concerns/RoutesRequests.php(428): Illuminate\\Pipeline\\Pipeline->then(Object(Closure))
#32 /var/www/vendor/laravel/lumen-framework/src/Concerns/RoutesRequests.php(167): Laravel\\Lumen\\Application->sendThroughPipeline(Array, Object(Closure))
#33 /var/www/vendor/laravel/lumen-framework/src/Concerns/RoutesRequests.php(112): Laravel\\Lumen\\Application->dispatch(NULL)
#34 /var/www/public/index.php(28): Laravel\\Lumen\\Application->run()
#35 {main}

[previous exception] [object] (PDOException(code: 22P02): SQLSTATE[22P02]: Invalid text representation: 7 ERROR:  invalid input syntax for type bigint: \"8450641b-036f-4b85-b8a6-426b7ddcaf27\"
CONTEXT:  unnamed portal parameter $1 = '...' at /var/www/vendor/illuminate/database/Connection.php:428)
[stacktrace]
#0 /var/www/vendor/illuminate/database/Connection.php(428): PDOStatement->execute()
#1 /var/www/vendor/illuminate/database/Connection.php(816): Illuminate\\Database\\Connection->{closure:Illuminate\\Database\\Connection::select():414}('select * from \"...', Array)
#2 /var/www/vendor/illuminate/database/Connection.php(783): Illuminate\\Database\\Connection->runQueryCallback('select * from \"...', Array, Object(Closure))
#3 /var/www/vendor/illuminate/database/Connection.php(414): Illuminate\\Database\\Connection->run('select * from \"...', Array, Object(Closure))
#4 /var/www/vendor/illuminate/database/Query/Builder.php(2913): Illuminate\\Database\\Connection->select('select * from \"...', Array, true)
#5 /var/www/vendor/illuminate/database/Query/Builder.php(2902): Illuminate\\Database\\Query\\Builder->runSelect()
#6 /var/www/vendor/illuminate/database/Query/Builder.php(3456): Illuminate\\Database\\Query\\Builder->{closure:Illuminate\\Database\\Query\\Builder::get():2901}()
#7 /var/www/vendor/illuminate/database/Query/Builder.php(2901): Illuminate\\Database\\Query\\Builder->onceWithColumns(Array, Object(Closure))
#8 /var/www/vendor/illuminate/database/Eloquent/Builder.php(739): Illuminate\\Database\\Query\\Builder->get(Array)
#9 /var/www/vendor/illuminate/database/Eloquent/Builder.php(723): Illuminate\\Database\\Eloquent\\Builder->getModels(Array)
#10 /var/www/vendor/illuminate/database/Concerns/BuildsQueries.php(333): Illuminate\\Database\\Eloquent\\Builder->get(Array)
#11 /var/www/app/Http/Controllers/Api/V1/CounterController.php(88): Illuminate\\Database\\Eloquent\\Builder->first()
#12 /var/www/vendor/illuminate/cache/Repository.php(396): App\\Http\\Controllers\\Api\\V1\\CounterController->{closure:App\\Http\\Controllers\\Api\\V1\\CounterController::user():87}()
#13 /var/www/vendor/illuminate/cache/CacheManager.php(429): Illuminate\\Cache\\Repository->remember('user:8450641b-0...', 60, Object(Closure))
#14 /var/www/vendor/illuminate/support/Facades/Facade.php(355): Illuminate\\Cache\\CacheManager->__call('remember', Array)
#15 /var/www/app/Http/Controllers/Api/V1/CounterController.php(87): Illuminate\\Support\\Facades\\Facade::__callStatic('remember', Array)
#16 /var/www/vendor/illuminate/container/BoundMethod.php(36): App\\Http\\Controllers\\Api\\V1\\CounterController->user(Object(Laravel\\Lumen\\Http\\Request), '8450641b-036f-4...')
#17 /var/www/vendor/illuminate/container/Util.php(41): Illuminate\\Container\\BoundMethod::{closure:Illuminate\\Container\\BoundMethod::call():35}()
#18 /var/www/vendor/illuminate/container/BoundMethod.php(93): Illuminate\\Container\\Util::unwrapIfClosure(Object(Closure))
#19 /var/www/vendor/illuminate/container/BoundMethod.php(35): Illuminate\\Container\\BoundMethod::callBoundMethod(Object(Laravel\\Lumen\\Application), Array, Object(Closure))
#20 /var/www/vendor/illuminate/container/Container.php(662): Illuminate\\Container\\BoundMethod::call(Object(Laravel\\Lumen\\Application), Array, Array, NULL)
#21 /var/www/vendor/laravel/lumen-framework/src/Concerns/RoutesRequests.php(391): Illuminate\\Container\\Container->call(Array, Array)
#22 /var/www/vendor/laravel/lumen-framework/src/Concerns/RoutesRequests.php(356): Laravel\\Lumen\\Application->callControllerCallable(Array, Array)
#23 /var/www/vendor/laravel/lumen-framework/src/Concerns/RoutesRequests.php(331): Laravel\\Lumen\\Application->callLumenController(Object(App\\Http\\Controllers\\Api\\V1\\CounterController), 'user', Array)
#24 /var/www/vendor/laravel/lumen-framework/src/Concerns/RoutesRequests.php(284): Laravel\\Lumen\\Application->callControllerAction(Array)
#25 /var/www/vendor/laravel/lumen-framework/src/Concerns/RoutesRequests.php(269): Laravel\\Lumen\\Application->callActionOnArrayBasedRoute(Array)
#26 /var/www/vendor/laravel/lumen-framework/src/Concerns/RoutesRequests.php(239): Laravel\\Lumen\\Application->handleFoundRoute(Array)
#27 /var/www/vendor/laravel/lumen-framework/src/Concerns/RoutesRequests.php(174): Laravel\\Lumen\\Application->handleDispatcherResponse(Array)
#28 /var/www/vendor/laravel/lumen-framework/src/Routing/Pipeline.php(48): Laravel\\Lumen\\Application->{closure:Laravel\\Lumen\\Concerns\\RoutesRequests::dispatch():167}(Object(Laravel\\Lumen\\Http\\Request))
#29 /var/www/app/Http/Middleware/RequestIdMiddleware.php(29): Laravel\\Lumen\\Routing\\Pipeline->{closure:Laravel\\Lumen\\Routing\\Pipeline::prepareDestination():46}(Object(Laravel\\Lumen\\Http\\Request))
#30 /var/www/vendor/illuminate/pipeline/Pipeline.php(183): App\\Http\\Middleware\\RequestIdMiddleware->handle(Object(Laravel\\Lumen\\Http\\Request), Object(Closure))
#31 /var/www/vendor/laravel/lumen-framework/src/Routing/Pipeline.php(30): Illuminate\\Pipeline\\Pipeline->{closure:{closure:Illuminate\\Pipeline\\Pipeline::carry():158}:159}(Object(Laravel\\Lumen\\Http\\Request))
#32 /var/www/vendor/illuminate/pipeline/Pipeline.php(119): Laravel\\Lumen\\Routing\\Pipeline->{closure:{closure:Laravel\\Lumen\\Routing\\Pipeline::carry():25}:26}(Object(Laravel\\Lumen\\Http\\Request))
#33 /var/www/vendor/laravel/lumen-framework/src/Concerns/RoutesRequests.php(428): Illuminate\\Pipeline\\Pipeline->then(Object(Closure))
#34 /var/www/vendor/laravel/lumen-framework/src/Concerns/RoutesRequests.php(167): Laravel\\Lumen\\Application->sendThroughPipeline(Array, Object(Closure))
#35 /var/www/vendor/laravel/lumen-framework/src/Concerns/RoutesRequests.php(112): Laravel\\Lumen\\Application->dispatch(NULL)
#36 /var/www/public/index.php(28): Laravel\\Lumen\\Application->run()
#37 {main}
"} 
[2026-05-23 08:58:58] local.INFO: Request {"method":"GET","url":"http://localhost:9100/api/v1/counters/user/8450641b-036f-4b85-b8a6-426b7ddcaf27","ip":"185.85.0.29","user_agent":"curl/8.7.1","request_id":"4d8adc16-0c52-48ae-a98f-ba3ba50b682f"} 
[2026-05-23 09:00:38] local.INFO: Request {"method":"GET","url":"http://counter-service:9100/api/v1/counters/user/21","ip":"172.18.0.2","user_agent":null,"request_id":"req_6a116cb64a07f6.15243433"} 
[2026-05-23 09:05:53] local.INFO: Counter reset for dialog.opened {"dialog_id":1,"user_id":5} 
[2026-05-23 09:05:54] local.INFO: Counter reset for dialog.opened {"dialog_id":1,"user_id":5} 
[2026-05-23 09:06:52] local.INFO: Counter reset for dialog.opened {"dialog_id":1,"user_id":5} 
[2026-05-23 09:06:53] local.INFO: Counter reset for dialog.opened {"dialog_id":1,"user_id":5} 
[2026-05-23 09:06:54] local.INFO: Counter reset for dialog.opened {"dialog_id":1,"user_id":5} 
[2026-05-23 09:06:54] local.INFO: Counter reset for dialog.opened {"dialog_id":1,"user_id":5} 
[2026-05-23 09:07:55] local.INFO: Request {"method":"GET","url":"http://counter-service:9100/api/v1/counters/user/5","ip":"172.18.0.2","user_agent":null,"request_id":"req_6a116e6ba62997.59206317"} 
[2026-05-23 09:07:56] local.INFO: Request {"method":"GET","url":"http://counter-service:9100/api/v1/counters/user/5","ip":"172.18.0.2","user_agent":null,"request_id":"req_6a116e6cbb9752.56448888"} 
[2026-05-23 09:07:58] local.INFO: Counter reset for dialog.opened {"dialog_id":1,"user_id":5} 
[2026-05-23 09:08:00] local.INFO: Request {"method":"GET","url":"http://counter-service:9100/api/v1/counters/user/5","ip":"172.18.0.2","user_agent":null,"request_id":"req_6a116e70203306.88626951"} 
[2026-05-23 09:08:00] local.INFO: Request {"method":"GET","url":"http://counter-service:9100/api/v1/counters/user/5","ip":"172.18.0.2","user_agent":null,"request_id":"req_6a116e70d08379.10332589"} 
[2026-05-23 10:10:00] local.INFO: Request {"method":"GET","url":"http://counter-service:9100/api/v1/counters/user/5","ip":"172.18.0.2","user_agent":null,"request_id":"req_6a117cf82ef5e5.73168274"} 
[2026-05-23 10:12:05] local.INFO: Request {"method":"GET","url":"http://counter-service:9100/api/v1/counters/user/5","ip":"172.18.0.2","user_agent":null,"request_id":"req_6a117d752499a6.40635163"} 
[2026-05-23 10:15:35] local.INFO: Request {"method":"GET","url":"http://counter-service:9100/api/v1/counters/user/5","ip":"172.18.0.2","user_agent":null,"request_id":"req_6a117e476eeda0.97825953"} 
[2026-05-23 10:16:18] local.DEBUG: Counters updated {"dialog_id":10,"user_id":1,"dialog_unread":1,"total_unread":1} 
[2026-05-23 10:16:18] local.INFO: Counter updated for message.sent {"dialog_id":10,"recipient_user_id":1} 
[2026-05-23 10:16:20] local.INFO: Request {"method":"GET","url":"http://counter-service:9100/api/v1/counters/user/5","ip":"172.18.0.2","user_agent":null,"request_id":"req_6a117e74bd1407.39484503"} 
[2026-05-23 10:18:41] local.INFO: Request {"method":"GET","url":"http://counter-service:9100/api/v1/counters/user/5","ip":"172.18.0.2","user_agent":null,"request_id":"req_6a117f01d30c26.94820248"} 
[2026-05-23 10:20:29] local.INFO: Request {"method":"GET","url":"http://counter-service:9100/api/v1/counters/user/4","ip":"172.18.0.2","user_agent":null,"request_id":"req_6a117f6d9d1257.06735372"} 
[2026-05-23 10:20:30] local.INFO: Request {"method":"GET","url":"http://counter-service:9100/api/v1/counters/user/4","ip":"172.18.0.2","user_agent":null,"request_id":"req_6a117f6ec32f66.12472056"} 
[2026-05-23 10:22:34] local.INFO: Request {"method":"GET","url":"http://counter-service:9100/api/v1/counters/user/4","ip":"172.18.0.2","user_agent":null,"request_id":"req_6a117fea830be4.08904623"} 
[2026-05-23 10:22:47] local.INFO: Request {"method":"GET","url":"http://counter-service:9100/api/v1/counters/user/4","ip":"172.18.0.2","user_agent":null,"request_id":"req_6a117ff77bf801.29953718"} 
[2026-05-23 10:22:48] local.INFO: Request {"method":"GET","url":"http://counter-service:9100/api/v1/counters/user/4","ip":"172.18.0.2","user_agent":null,"request_id":"req_6a117ff890b002.43096532"} 
[2026-05-23 10:23:18] local.INFO: Request {"method":"GET","url":"http://counter-service:9100/api/v1/counters/user/1","ip":"172.18.0.2","user_agent":null,"request_id":"req_6a118016c23d52.79187615"} 
[2026-05-23 10:23:19] local.INFO: Request {"method":"GET","url":"http://counter-service:9100/api/v1/counters/user/1","ip":"172.18.0.2","user_agent":null,"request_id":"req_6a118017d44629.03605096"} 
[2026-05-23 10:23:33] local.DEBUG: Counters updated {"dialog_id":10,"user_id":1,"dialog_unread":2,"total_unread":2} 
[2026-05-23 10:23:33] local.INFO: Counter updated for message.sent {"dialog_id":10,"recipient_user_id":1} 
[2026-05-23 10:23:33] local.DEBUG: Counters updated {"dialog_id":10,"user_id":1,"dialog_unread":3,"total_unread":3} 
[2026-05-23 10:23:33] local.INFO: Counter updated for message.sent {"dialog_id":10,"recipient_user_id":1} 
[2026-05-23 10:23:34] local.DEBUG: Counters updated {"dialog_id":10,"user_id":1,"dialog_unread":4,"total_unread":4} 
[2026-05-23 10:23:34] local.INFO: Counter updated for message.sent {"dialog_id":10,"recipient_user_id":1} 
[2026-05-23 10:23:35] local.DEBUG: Counters updated {"dialog_id":10,"user_id":1,"dialog_unread":5,"total_unread":5} 
[2026-05-23 10:23:35] local.INFO: Counter updated for message.sent {"dialog_id":10,"recipient_user_id":1} 
[2026-05-23 10:23:37] local.INFO: Request {"method":"GET","url":"http://counter-service:9100/api/v1/counters/user/1","ip":"172.18.0.2","user_agent":null,"request_id":"req_6a11802973b474.44839985"} 
[2026-05-23 10:23:38] local.INFO: Request {"method":"GET","url":"http://counter-service:9100/api/v1/counters/user/1","ip":"172.18.0.2","user_agent":null,"request_id":"req_6a11802a6a8047.60817862"} 
[2026-05-23 10:25:05] local.INFO: Counter reset for dialog.opened {"dialog_id":10,"user_id":4} 
[2026-05-23 10:25:07] local.INFO: Counter reset for dialog.opened {"dialog_id":10,"user_id":4} 
[2026-05-23 10:25:09] local.INFO: Request {"method":"GET","url":"http://counter-service:9100/api/v1/counters/user/1","ip":"172.18.0.2","user_agent":null,"request_id":"req_6a118085c7f082.19380565"} 
[2026-05-23 10:33:24] local.INFO: Counter reset for dialog.opened {"dialog_id":"10","user_id":"1"} 
[2026-05-23 10:33:26] local.INFO: Request {"method":"GET","url":"http://counter-service:9100/api/v1/counters/user/1","ip":"172.18.0.2","user_agent":null,"request_id":"req_6a118276c672f2.46220829"} 
